id,title,author,rating_average,movie_release_year,isbn,Unnamed: 0,rank,genre,description,director,actors,year,runtime (minutes),rating,votes,revenue (millions),metascore
4,the great gatsby,f. scott fitzgerald,4.4,2013,978-0743273565,137,138,"drama,romance","a writer and wall street trader, nick, finds himself drawn to the past and lifestyle of his millionaire neighbor, jay gatsby.",baz luhrmann,"leonardo dicaprio, carey mulligan, joel edgerton,tobey maguire",2013,143,7.3,386102,144.81,55.0
8,the da vinci code,dan brown,4.3,2006,978-0307474278,733,734,"mystery,thriller",a murder inside the louvre and clues in da vinci paintings lead to the discovery of a religious mystery protected by a secret society for two thousand years -- which could shake the foundations of christianity.,ron howard,"tom hanks, audrey tautou, jean reno, ian mckellen",2006,149,6.6,338280,217.54,46.0
9,the hunger games,suzanne collins,4.72,2012,978-0439023481,151,152,"adventure,sci-fi,thriller",katniss everdeen voluntarily takes her younger sister's place in the hunger games: a televised competition in which two teenagers from each of the twelve districts of panem are chosen at random to fight to the death.,gary ross,"jennifer lawrence, josh hutcherson, liam hemsworth,stanley tucci",2012,142,7.2,735604,408.0,68.0
14,jane eyre,charlotte brontë,4.58,2011,978-0141441146,832,833,"drama,romance",a mousy governess who softens the heart of her employer soon discovers that he's hiding a terrible secret.,cary joji fukunaga,"mia wasikowska, michael fassbender, jamie bell, su elliot",2011,120,7.4,67464,11.23,76.0
24,the fault in our stars,john green,4.18,2014,978-0525478812,338,339,"drama,romance",two teenage cancer patients begin a life-affirming journey to visit a reclusive author in amsterdam.,josh boone,"shailene woodley, ansel elgort, nat wolff, laura dern",2014,126,7.8,271301,124.87,69.0
32,gone girl,gillian flynn,4.1,2014,978-0307588371,83,84,"crime,drama,mystery","with his wife's disappearance having become the focus of an intense media circus, a man sees the spotlight turned on him when it's suspected that he may not be innocent.",david fincher,"ben affleck, rosamund pike, neil patrick harris,tyler perry",2014,149,8.1,636243,167.74,79.0
33,the girl with the dragon tattoo,stieg larsson,4.15,2011,978-0307454546,223,224,"crime,drama,mystery","journalist mikael blomkvist is aided in his search for a woman who has been missing for forty years by lisbeth salander, a young computer hacker.",david fincher,"daniel craig, rooney mara, christopher plummer,stellan skarsgård",2011,158,7.8,348551,102.52,71.0
34,life of pi,yann martel,3.92,2012,978-0156027328,694,695,"adventure,drama,fantasy","a young man who survives a disaster at sea is hurtled into an epic journey of adventure and discovery. while cast away, he forms an unexpected connection with another survivor: a fearsome bengal tiger.",ang lee,"suraj sharma, irrfan khan, adil hussain, tabu",2012,127,7.9,471109,124.98,79.0
35,the giver,lois lowry,4.13,2014,978-0544336261,481,482,"drama,romance,sci-fi","in a seemingly perfect community, without war, pain, suffering, differences or choice, a young boy is chosen to learn from an elderly man about the true pain and pleasure of the ""real"" world.",phillip noyce,"brenton thwaites, jeff bridges, meryl streep, taylor swift",2014,97,6.5,93799,45.09,47.0
36,twilight,stephenie meyer,3.6,2008,978-0316015844,165,166,"drama,fantasy,romance",a teenage girl risks everything when she falls in love with a vampire.,catherine hardwicke,"kristen stewart, robert pattinson, billy burke,sarah clarke",2008,122,5.2,361449,191.45,56.0
44,divergent,veronica roth,4.15,2014,978-0062024039,121,122,"adventure,mystery,sci-fi","in a world divided by factions based on virtues, tris learns she's divergent and won't fit in. when she discovers a plot to destroy divergents, tris and the mysterious four must find out what makes divergents dangerous before it's too late.",neil burger,"shailene woodley, theo james, kate winslet, jai courtney",2014,139,6.7,362093,150.83,48.0
47,the maze runner,james dashner,4.04,2014,978-0385737973,371,372,"action,mystery,sci-fi","thomas is deposited in a community of boys after his memory is erased, soon learning they're all trapped in a maze that will require him to join forces with fellow ""runners"" for a shot at escape.",wes ball,"dylan o'brien, kaya scodelario, will poulter, thomas brodie-sangster",2014,113,6.8,335531,102.41,57.0
48,the martian,andy weir,4.41,2015,978-0553418026,102,103,"adventure,drama,sci-fi","an astronaut becomes stranded on mars after his team assume him dead, and must rely on his ingenuity to find a way to signal to earth that he is alive.",ridley scott,"matt damon, jessica chastain, kristen wiig, kate mara",2015,144,8.0,556097,228.43,80.0
49,into the wild,jon krakauer,4.0,2007,978-0385486804,197,198,"adventure,biography,drama","after graduating from emory university, top student and athlete christopher mccandless abandons his possessions, gives his entire $24,000 savings account to charity and hitchhikes to alaska to live in the wilderness. along the way, christopher encounters a series of characters that shape his life.",sean penn,"emile hirsch, vince vaughn, catherine keener, marcia gay harden",2007,148,8.1,459304,18.35,73.0
52,the girl on the train,paula hawkins,3.96,2016,978-1594634024,62,63,"crime,drama,mystery",a divorcee becomes entangled in a missing persons investigation that promises to send shockwaves throughout her life.,tate taylor,"emily blunt, haley bennett, rebecca ferguson, justin theroux",2016,112,6.5,102177,75.31,48.0
58,room,emma donoghue,4.08,2015,978-0316098335,143,144,drama,a young boy is raised within the confines of a small shed.,lenny abrahamson,"brie larson, jacob tremblay, sean bridgers,wendy crewson",2015,118,8.2,224132,14.68,86.0
59,the help,kathryn stockett,4.47,2011,978-0399155345,92,93,drama,"an aspiring author during the civil rights movement of the 1960s decides to write a book detailing the african american maids' point of view on the white families for which they work, and the hardships they go through on a daily basis.",tate taylor,"emma stone, viola davis, octavia spencer, bryce dallas howard",2011,146,8.1,342429,169.71,62.0
60,the lovely bones,alice sebold,3.85,2009,978-0316666343,612,613,"drama,fantasy,thriller",centers on a young girl who has been murdered and watches over her family - and her killer - from purgatory. she must weigh her desire for vengeance against her desire for her family to heal.,peter jackson,"rachel weisz, mark wahlberg, saoirse ronan, susan sarandon",2009,135,6.7,130702,43.98,42.0
71,anna karenina,leo tolstoy,4.08,2012,978-0143035008,665,666,"drama,romance","in late-19th-century russian high society, st. petersburg aristocrat anna karenina enters into a life-changing affair with the dashing count alexei vronsky.",joe wright,"keira knightley, jude law, aaron taylor-johnson,matthew macfadyen",2012,129,6.6,75291,12.8,63.0
76,the perks of being a wallflower,stephen chbosky,4.22,2012,978-1451696196,235,236,"drama,romance",an introvert freshman is taken under the wings of two seniors who welcome him to the real world.,stephen chbosky,"logan lerman, emma watson, ezra miller, paul rudd",2012,102,8.0,377336,17.74,67.0
77,coraline,neil gaiman,4.1,2009,978-0380977789,442,443,"animation,family,fantasy","an adventurous girl finds another world that is a strangely idealized version of her frustrating home, but it has sinister secrets.",henry selick,"dakota fanning, teri hatcher, john hodgman, jennifer saunders",2009,100,7.7,156620,75.28,80.0
96,les misérables,victor hugo,4.18,2012,978-0451419439,245,246,"drama,musical,romance","in 19th-century france, jean valjean, who for decades has been hunted by the ruthless policeman javert after breaking parole, agrees to care for a factory worker's daughter. the decision changes their lives forever.",tom hooper,"hugh jackman, russell crowe, anne hathaway,amanda seyfried",2012,158,7.6,257426,148.78,63.0
100,cloud atlas,david mitchell,4.02,2012,978-0375507250,267,268,"drama,sci-fi","an exploration of how the actions of individual lives impact one another in the past, present and future, as one soul is shaped from a killer into a hero, and an act of kindness ripples across centuries to inspire a revolution.",tom tykwer,"tom hanks, halle berry, hugh grant, hugo weaving",2012,172,7.5,298651,27.1,55.0
122,steve jobs,walter isaacson,4.15,2015,978-1451648539,392,393,"biography,drama","steve jobs takes us behind the scenes of the digital revolution, to paint a portrait of the man at its epicenter. the story unfolds backstage at three iconic product launches, ending in 1998 with the unveiling of the imac.",danny boyle,"michael fassbender, kate winslet, seth rogen, jeff daniels",2015,122,7.2,116112,17.75,82.0
133,wild,cheryl strayed,4.01,2014,978-0307592736,721,722,"adventure,biography,drama","a chronicle of one woman's 1,100-mile solo hike undertaken as a way to recover from a recent personal tragedy.",jean-marc vallée,"reese witherspoon, laura dern, gaby hoffmann,michiel huisman",2014,115,7.1,95553,37.88,76.0
155,watchmen,alan moore,4.36,2009,978-0930289232,147,148,"action,drama,mystery","in 1985 where former superheroes exist, the murder of a colleague sends active vigilante rorschach into his own sprawling investigation, uncovering something that could completely change the course of history as we know it.",zack snyder,"jackie earle haley, patrick wilson, carla gugino,malin akerman",2009,162,7.6,410249,107.5,56.0
198,no country for old men,cormac mccarthy,4.15,2007,978-0307387134,136,137,"crime,drama,thriller",violence and mayhem ensue after a hunter stumbles upon a drug deal gone wrong and more than two million dollars in cash near the rio grande.,ethan coen,"tommy lee jones, javier bardem, josh brolin, woody harrelson",2007,122,8.1,660286,74.27,91.0
220,bridge to terabithia,katherine paterson,4.02,2007,978-0064401845,912,913,"adventure,drama,family",a preteen's life turns upside down when he befriends the new girl in school and they imagine a whole new fantasy world to escape reality.,gabor csupo,"josh hutcherson, annasophia robb, zooey deschanel, robert patrick",2007,96,7.2,117297,82.23,74.0
225,the bfg,roald dahl,4.24,2016,978-0142410387,150,151,"adventure,family,fantasy","an orphan little girl befriends a benevolent giant who takes her to giant country, where they attempt to stop the man-eating giants that are invading the human world.",steven spielberg,"mark rylance, ruby barnhill, penelope wilton,jemaine clement",2016,117,6.4,50853,55.47,66.0
227,the three musketeers,alexandre dumas,4.07,1993,978-0140440256,345,346,"action,adventure,romance",the hot-headed young d'artagnan along with three former legendary but now down on their luck musketeers must unite and defeat a beautiful double agent and her villainous employer from seizing the french throne and engulfing europe in war.,paul w.s. anderson,"logan lerman, matthew macfadyen, ray stevenson, milla jovovich",2011,110,5.8,92329,20.32,35.0
258,carrie,stephen king,3.98,1976,978-0307743664,449,450,"drama,horror","a shy girl, outcasted by her peers and sheltered by her religious mother, unleashes telekinetic terror on her small town after being pushed too far at her senior prom.",kimberly peirce,"chloë grace moretz, julianne moore, gabriella wilde, portia doubleday",2013,100,5.9,113272,35.27,53.0
262,stardust,neil gaiman,4.09,2007,978-0062564344,346,347,"adventure,family,fantasy","in a countryside town bordering on a magical land, a young man makes a promise to his beloved that he'll retrieve a fallen star by venturing into the magical realm.",matthew vaughn,"charlie cox, claire danes, sienna miller, ian mckellen",2007,127,7.7,220664,38.35,66.0
278,the golden compass,philip pullman,3.99,2007,978-0440418320,919,920,"adventure,family,fantasy","in a parallel universe, young lyra belacqua journeys to the far north to save her best friend and other kidnapped children from terrible experiments by a mysterious organization.",chris weitz,"nicole kidman, daniel craig, dakota blue richards, ben walker",2007,113,6.1,155078,70.08,51.0
290,me before you,jojo moyes,4.26,2016,978-0143124542,57,58,"drama,romance",a girl in a small town forms an unlikely bond with a recently-paralyzed man she's taking care of.,thea sharrock,"emilia clarke, sam claflin, janet mcteer, charles dance",2016,106,7.4,113322,56.23,51.0
292,the devil wears prada,lauren weisberger,3.75,2006,978-0767914765,297,298,"comedy,drama","a smart but sensible new graduate lands a job as an assistant to miranda priestly, the demanding editor-in-chief of a high fashion magazine.",david frankel,"anne hathaway, meryl streep, adrian grenier, emily blunt",2006,109,6.8,302268,124.73,62.0
304,shutter island,dennis lehane,4.1,2010,978-0062068415,138,139,"mystery,thriller","in 1954, a u.s. marshal investigates the disappearance of a murderess who escaped from a hospital for the criminally insane.",martin scorsese,"leonardo dicaprio, emily mortimer, mark ruffalo,ben kingsley",2010,138,8.1,855604,127.97,63.0
333,unbroken,laura hillenbrand,4.38,2014,978-1400064168,586,587,"biography,drama,sport","after a near-fatal plane crash in wwii, olympian louis zamperini spends a harrowing 47 days in a raft with two fellow crewmen before he's caught by the japanese navy and sent to a prisoner-of-war camp.",angelina jolie,"jack o'connell, miyavi, domhnall gleeson, garrett hedlund",2014,137,7.2,114006,115.6,59.0
336,perfume: the story of a murderer,patrick süskind,4.04,2006,978-0375725845,918,919,"crime,drama,fantasy","jean-baptiste grenouille, born with a superior olfactory sense, creates the world's finest perfume. his work, however, takes a dark turn as he searches for the ultimate scent.",tom tykwer,"ben whishaw, dustin hoffman, alan rickman,francesc albiol",2006,147,7.5,199387,2.21,56.0
339,half of a yellow sun,chimamanda ngozi adichie,4.33,2013,978-1400095209,519,520,"drama,romance","sisters olanna and kainene return home to 1960s nigeria, where they soon diverge on different paths. as civil war breaks out, political events loom larger than their differences as they join the fight to establish an independent republic.",biyi bandele,"chiwetel ejiofor, thandie newton, anika noni rose,joseph mawle",2013,111,6.2,1356,0.05,51.0
362,the jungle book,rudyard kipling,3.94,1967,978-1593081157,125,126,"adventure,drama,family","after a threat from the tiger shere khan forces him to flee the jungle, a man-cub named mowgli embarks on a journey of self discovery with the help of panther, bagheera, and free spirited bear, baloo.",jon favreau,"neel sethi, bill murray, ben kingsley, idris elba",2016,106,7.5,198243,364.0,77.0
405,beowulf,unknown,3.45,2007,978-0393320978,802,803,"animation,action,adventure","the warrior beowulf must fight and defeat the monster grendel who is terrorizing denmark, and later, grendel's mother, who begins killing out of revenge.",robert zemeckis,"ray winstone, crispin glover, angelina jolie,robin wright",2007,115,6.2,146566,82.16,59.0
430,true grit,charles portis,4.14,1969,978-1590204597,743,744,"adventure,drama,western",a tough u.s. marshal helps a stubborn teenager track down her father's murderer.,ethan coen,"jeff bridges, matt damon, hailee steinfeld,josh brolin",2010,110,7.6,254904,171.03,80.0
435,fantastic beasts and where to find them,j.k. rowling,3.98,2016,978-1338109061,10,11,"adventure,family,fantasy",the adventures of writer newt scamander in new york's secret community of witches and wizards seventy years before harry potter reads his book in school.,david yates,"eddie redmayne, katherine waterston, alison sudol,dan fogler",2016,133,7.5,232072,234.02,66.0
445,the other boleyn girl,philippa gregory,4.06,2008,978-0743227445,962,963,"biography,drama,history",two sisters contend for the affection of king henry viii.,justin chadwick,"natalie portman, scarlett johansson, eric bana,jim sturgess",2008,115,6.7,88260,26.81,50.0
456,"love, rosie",cecelia ahern,4.2,2014,978-0786891085,677,678,"comedy,romance","rosie and alex have been best friends since they were 5, so they couldn't possibly be right for one another...or could they? when it comes to love, life and making the right choices, these two are their own worst enemies.",christian ditter,"lily collins, sam claflin, christian cooke, jaime winstone",2014,102,7.2,80415,0.01,44.0
457,one day,david nicholls,3.8,2011,978-0340961175,873,874,"drama,romance","after spending the night together on the night of their college graduation dexter and em are shown each year on the same date to see where they are in their lives. they are sometimes together, sometimes not, on that day.",lone scherfig,"anne hathaway, jim sturgess, patricia clarkson,tom mison",2011,107,7.0,113599,13.77,48.0
495,hidden figures,margot lee shetterly,4.26,2016,978-0062363596,11,12,"biography,drama,history",the story of a team of female african-american mathematicians who served a vital role in nasa during the early years of the u.s. space program.,theodore melfi,"taraji p. henson, octavia spencer, janelle monáe,kevin costner",2016,127,7.8,93103,169.27,74.0
510,world war z,max brooks,4.01,2013,978-0307346605,432,433,"action,adventure,horror","former united nations employee gerry lane traverses the world in a race against time to stop the zombie pandemic that is toppling armies and governments, and threatening to destroy humanity itself.",marc forster,"brad pitt, mireille enos, daniella kertesz, james badge dale",2013,116,7.0,494819,202.35,63.0
602,harry potter and the order of the phoenix,j.k. rowling,4.5,2007,978-0439358064,314,315,"adventure,family,fantasy","with their warning about lord voldemort's return scoffed at, harry and dumbledore are targeted by the wizard authorities as an authoritarian bureaucrat slowly seizes power at hogwarts.",david yates,"daniel radcliffe, emma watson, rupert grint, brendan gleeson",2007,138,7.5,385325,292.0,71.0
603,harry potter and the half-blood prince,j.k. rowling,4.57,2009,978-0439784542,473,474,"adventure,family,fantasy","as harry potter begins his sixth year at hogwarts, he discovers an old book marked as ""the property of the half-blood prince"" and begins to learn more about lord voldemort's dark past.",david yates,"daniel radcliffe, emma watson, rupert grint, michael gambon",2009,153,7.5,351059,301.96,78.0
612,casino royale,ian fleming,3.76,2006,978-1612185439,164,165,"action,adventure,thriller","armed with a licence to kill, secret agent james bond sets out on his first mission as 007 and must defeat a weapons dealer in a high stakes game of poker at casino royale, but things are not what they seem.",martin campbell,"daniel craig, eva green, judi dench, jeffrey wright",2006,144,8.0,495106,167.01,80.0
616,tinker tailor soldier spy,john le carré,4.06,2011,978-0143120933,689,690,"drama,mystery,thriller","in the bleak days of the cold war, espionage veteran george smiley is forced from semi-retirement to uncover a soviet agent within mi6.",tomas alfredson,"gary oldman, colin firth, tom hardy, mark strong",2011,122,7.1,157053,24.1,85.0
634,i am legend,richard matheson,4.0,2007,978-0765357151,495,496,"drama,horror,sci-fi","years after a plague kills most of humanity and transforms the rest into monsters, the sole survivor in new york city struggles valiantly to find a cure.",francis lawrence,"will smith, alice braga, charlie tahan, salli richardson-whitfield",2007,101,7.2,565721,256.39,65.0
672,paper towns,john green,3.86,2015,978-0525478188,768,769,"drama,mystery,romance","after an all night adventure, quentin's life-long crush, margo, disappears, leaving behind clues that quentin and his friends follow on the journey of a lifetime.",jake schreier,"nat wolff, cara delevingne, austin abrams, justice smith",2015,109,6.3,72515,31.99,56.0
674,miss peregrine's home for peculiar children,ransom riggs,3.9,2016,978-1594744761,120,121,"adventure,drama,family","when jacob discovers clues to a mystery that stretches across time, he finds miss peregrine's home for peculiar children. but the danger deepens after he gets to know the residents and learns about their special powers.",tim burton,"eva green, asa butterfield, samuel l. jackson, judi dench",2016,127,6.7,101058,87.24,57.0
678,insurgent,veronica roth,4.02,2015,978-0062024046,354,355,"adventure,sci-fi,thriller",beatrice prior must confront her inner demons and continue her fight against a powerful alliance which threatens to tear her society apart with the help from others on her side.,robert schwentke,"shailene woodley, ansel elgort, theo james,kate winslet",2015,119,6.3,171970,130.0,42.0
679,allegiant,veronica roth,3.6,2016,978-0062024060,204,205,"action,adventure,mystery","after the earth-shattering revelations of insurgent, tris must escape with four beyond the wall that encircles chicago, to finally discover the shocking truth of the world around them.",robert schwentke,"shailene woodley, theo james, jeff daniels,naomi watts",2016,120,5.7,70504,66.0,33.0
686,brooklyn,colm tóibín,3.92,2015,978-1439136690,441,442,"drama,romance","an irish immigrant lands in 1950s brooklyn, where she quickly falls into a romance with a local. when her past catches up with her, however, she must choose between two countries and the lives that exist within.",john crowley,"saoirse ronan, emory cohen, domhnall gleeson,jim broadbent",2015,117,7.5,94977,38.32,87.0
751,inferno,dan brown,3.86,2016,978-0385537858,149,150,"action,adventure,crime","when robert langdon wakes up in an italian hospital with amnesia, he teams up with dr. sienna brooks, and together they must race across europe against the clock to foil a deadly global plot.",ron howard,"tom hanks, felicity jones, irrfan khan, ben foster",2016,121,6.2,97623,34.26,42.0
778,christine,stephen king,3.79,1983,978-0670220267,823,824,"biography,drama","the story of christine chubbuck, a 1970s tv reporter struggling with depression and professional frustrations as she tries to advance her career.",antonio campos,"rebecca hall, michael c. hall, tracy letts, maria dizzia",2016,119,7.0,5855,0.3,72.0
782,"alexander and the terrible, horrible, no good, very bad day",judith viorst,4.22,2014,978-0689714346,862,863,"comedy,family","alexander's day begins with gum stuck in his hair, followed by more calamities. however, he finds little sympathy from his family and begins to wonder if bad things only happen to him, his mom, dad, brother and sister - who all find themselves living through their own terrible, horrible, no good, very bad day.",miguel arteta,"steve carell, jennifer garner, ed oxenbould, dylan minnette",2014,81,6.2,32310,66.95,54.0
790,gone baby gone,dennis lehane,4.13,2007,978-0062068408,662,663,"crime,drama,mystery","two boston area detectives investigate a little girl's kidnapping, which ultimately turns into a crisis both professionally and personally.",ben affleck,"morgan freeman, ed harris, casey affleck, michelle monaghan",2007,114,7.7,206707,20.3,72.0
905,horns,joe hill,3.92,2013,978-0061147955,865,866,"drama,fantasy,horror","in the aftermath of his girlfriend's mysterious death, a young man awakens to find strange horns sprouting from his temples.",alexandre aja,"daniel radcliffe, juno temple, max minghella, joe anderson",2013,120,6.5,61060,0.16,46.0
974,vampire academy,richelle mead,4.12,2014,978-1595141743,649,650,"action,comedy,fantasy","rose hathaway is a dhampir, half human-half vampire, a guardian of the moroi, peaceful, mortal vampires living discreetly within our world. her calling is to protect the moroi from bloodthirsty, immortal vampires, the strigoi.",mark waters,"zoey deutch, lucy fry, danila kozlovsky, gabriel byrne",2014,104,5.6,44111,7.79,30.0
976,beautiful creatures,kami garcia,3.75,2013,978-0316042673,610,611,"drama,fantasy,romance","ethan longs to escape his small southern town. he meets a mysterious new girl, lena. together, they uncover dark secrets about their respective families, their history and their town.",richard lagravenese,"alice englert, viola davis, emma thompson,alden ehrenreich",2013,124,6.2,71822,19.45,52.0
980,the host,stephenie meyer,3.84,2013,978-0316068048,239,240,"action,adventure,romance","when an unseen enemy threatens mankind by taking over their bodies and erasing their memories, melanie will risk everything to protect the people she cares most about, proving that love can conquer all in a dangerous new world.",andrew niccol,"saoirse ronan, max irons, jake abel, diane kruger",2013,125,5.9,96852,26.62,35.0
980,the host,stephenie meyer,3.84,2013,978-0316068048,632,633,"comedy,drama,horror",a monster emerges from seoul's han river and focuses its attention on attacking people. one victim's loving family does what it can to rescue her from its clutches.,bong joon ho,"kang-ho song, hee-bong byun, hae-il park, doona bae",2006,120,7.0,73491,2.2,85.0
982,sex and the city,candace bushnell,3.45,1998,978-0446673549,893,894,"comedy,drama,romance",a new york writer on sex and love is finally getting married to her mr. big. but her three best girlfriends must console her after one of them inadvertently leads mr. big to jilt her.,michael patrick king,"sarah jessica parker, kim cattrall, cynthia nixon, kristin davis",2008,145,5.5,102547,152.64,53.0
987,safe haven,nicholas sparks,4.18,2013,978-0446547598,487,488,"drama,romance,thriller","a young woman with a mysterious past lands in southport, north carolina where her bond with a widower forces her to confront the dark secret that haunts her.",lasse hallström,"julianne hough, josh duhamel, cobie smulders,david lyons",2013,115,6.7,84765,71.35,34.0
