id,title,rating,votes,metascore,name,budget,gross,profit,roi
1,guardians of the galaxy,8.1,757074,76.0,guardians of the galaxy,170000000.0,773350147.0,603350147.0,354.9118511764706
2,prometheus,7.0,485820,65.0,prometheus,130000000.0,403354469.0,273354469.0,210.27266846153844
3,split,7.3,157606,62.0,split,9000000.0,278454417.0,269454417.0,2993.937966666667
4,sing,7.2,60545,59.0,sing,11500000.0,2260616.0,-9239384.0,-80.34246956521739
4,sing,7.2,60545,59.0,sing,75000000.0,634208384.0,559208384.0,745.6111786666667
5,suicide squad,6.2,393727,40.0,suicide squad,175000000.0,746846894.0,571846894.0,326.7696537142857
6,the great wall,6.1,56036,42.0,the great wall,150000000.0,334933831.0,184933831.0,123.28922066666668
7,la la land,8.3,258682,93.0,la la land,30000000.0,448906865.0,418906865.0,1396.3562166666666
8,mindhorn,6.4,2490,71.0,,,,,
9,the lost city of z,7.1,7188,78.0,the lost city of z,30000000.0,19263938.0,-10736062.0,-35.78687333333333
10,passengers,7.0,192177,41.0,passengers,25000000.0,5798974.0,-19201026.0,-76.804104
10,passengers,7.0,192177,41.0,passengers,110000000.0,303144152.0,193144152.0,175.5855927272727
11,fantastic beasts and where to find them,7.5,232072,66.0,fantastic beasts and where to find them,180000000.0,814044001.0,634044001.0,352.24666722222224
12,hidden figures,7.8,93103,74.0,hidden figures,25000000.0,236225193.0,211225193.0,844.9007720000001
13,rogue one,7.9,323118,65.0,,,,,
14,moana,7.7,118151,81.0,moana,150000000.0,644411850.0,494411850.0,329.60790000000003
15,colossal,6.4,8612,70.0,colossal,15000000.0,4531320.0,-10468680.0,-69.7912
16,the secret life of pets,6.6,120259,61.0,the secret life of pets,75000000.0,875458631.0,800458631.0,1067.2781746666667
17,hacksaw ridge,8.2,211760,71.0,hacksaw ridge,40000000.0,180563636.0,140563636.0,351.40909
18,jason bourne,6.7,150823,58.0,jason bourne,120000000.0,415484914.0,295484914.0,246.23742833333333
19,lion,8.1,102061,69.0,lion,12000000.0,140853810.0,128853810.0,1073.78175
20,arrival,8.0,340798,81.0,arrival,47000000.0,203388186.0,156388186.0,332.74082127659574
21,gold,6.7,19053,49.0,gold,20000000.0,14880939.0,-5119061.0,-25.595305000000003
22,manchester by the sea,7.9,134213,96.0,manchester by the sea,9000000.0,78988148.0,69988148.0,777.6460888888889
23,hounds of love,6.7,1115,72.0,,,,,
24,trolls,6.5,38552,56.0,trolls,125000000.0,346864886.0,221864886.0,177.4919088
25,independence day: resurgence,5.3,127553,32.0,independence day: resurgence,165000000.0,389681935.0,224681935.0,136.1708696969697
29,bad moms,6.2,66540,60.0,bad moms,20000000.0,183936074.0,163936074.0,819.68037
30,assassin's creed,5.9,112813,36.0,assassin's creed,125000000.0,240697856.0,115697856.0,92.5582848
31,why him?,6.3,48123,39.0,why him?,38000000.0,118102725.0,80102725.0,210.79664473684213
32,nocturnal animals,7.5,126030,67.0,nocturnal animals,22500000.0,30311857.0,7811857.0,34.719364444444444
33,x-men: apocalypse,7.1,275510,52.0,x-men: apocalypse,178000000.0,543934105.0,365934105.0,205.58095786516853
34,deadpool,8.0,627797,65.0,deadpool,58000000.0,782836791.0,724836791.0,1249.7186051724136
35,resident evil: the final chapter,5.6,46165,49.0,resident evil: the final chapter,40000000.0,312242626.0,272242626.0,680.6065649999999
36,captain america: civil war,7.9,411656,75.0,captain america: civil war,250000000.0,1153337496.0,903337496.0,361.3349984
37,interstellar,8.6,1047747,74.0,interstellar,165000000.0,701729206.0,536729206.0,325.29042787878785
38,doctor strange,7.6,293732,72.0,doctor strange,165000000.0,677796076.0,512796076.0,310.7855006060606
39,the magnificent seven,6.9,122853,54.0,the magnificent seven,90000000.0,162360636.0,72360636.0,80.40070666666666
41,sausage party,6.3,120690,66.0,sausage party,19000000.0,140705322.0,121705322.0,640.5543263157895
42,moonlight,7.5,135095,99.0,moonlight,4000000.0,65336603.0,61336603.0,1533.415075
44,the founder,7.2,37033,66.0,the founder,25000000.0,24121245.0,-878755.0,-3.51502
45,lowriders,6.3,279,57.0,,,,,
46,pirates of the caribbean: on stranger tides,6.7,395025,45.0,pirates of the caribbean: on stranger tides,250000000.0,1045713802.0,795713802.0,318.2855208
47,miss sloane,7.3,17818,64.0,miss sloane,13000000.0,9101546.0,-3898454.0,-29.988107692307693
49,star trek beyond,7.1,164567,68.0,star trek beyond,185000000.0,343471816.0,158471816.0,85.66044108108109
50,the last face,3.7,987,16.0,,,,,
51,star wars: episode vii - the force awakens,8.1,661608,81.0,star wars: episode vii - the force awakens,245000000.0,2069521700.0,1824521700.0,744.7027346938776
52,underworld: blood wars,5.8,41362,23.0,underworld: blood wars,35000000.0,81093313.0,46093313.0,131.69518
53,mother's day,5.6,20221,18.0,mother's day,25000000.0,48782670.0,23782670.0,95.13068
54,john wick,7.2,321933,68.0,john wick,20000000.0,86081711.0,66081711.0,330.408555
55,the dark knight,9.0,1791916,82.0,the dark knight,185000000.0,1005973645.0,820973645.0,443.7695378378378
56,silence,7.3,49190,79.0,silence,46000000.0,23834809.0,-22165191.0,-48.18519782608696
57,don't breathe,7.2,121103,71.0,don't breathe,9900000.0,157830487.0,147930487.0,1494.2473434343433
58,me before you,7.4,113322,51.0,me before you,20000000.0,208314186.0,188314186.0,941.57093
59,their finest,7.0,3739,76.0,,,,,
60,sully,7.5,137608,74.0,sully,60000000.0,240797623.0,180797623.0,301.32937166666665
61,batman v superman: dawn of justice,6.7,472307,44.0,batman v superman: dawn of justice,250000000.0,873637528.0,623637528.0,249.45501120000003
62,the autopsy of jane doe,6.8,35870,65.0,,,,,
63,the girl on the train,6.5,102177,48.0,the girl on the train,45000000.0,173185859.0,128185859.0,284.8574644444445
64,fifty shades of grey,4.1,244474,46.0,fifty shades of grey,40000000.0,569651467.0,529651467.0,1324.1286675
65,the prestige,8.5,913152,66.0,the prestige,40000000.0,109676311.0,69676311.0,174.1907775
66,kingsman: the secret service,7.7,440209,58.0,kingsman: the secret service,81000000.0,414351546.0,333351546.0,411.54511851851856
67,patriots day,7.4,39784,69.0,patriots day,45000000.0,52185751.0,7185751.0,15.968335555555557
68,mad max: fury road,8.1,632842,90.0,mad max: fury road,150000000.0,375658750.0,225658750.0,150.4391666666667
69,wakefield,7.5,291,61.0,,,,,
70,deepwater horizon,7.2,89849,68.0,deepwater horizon,110000000.0,121790373.0,11790373.0,10.718520909090907
71,the promise,5.9,149791,49.0,,,,,
72,allied,7.1,78079,60.0,allied,85000000.0,119520023.0,34520023.0,40.611791764705885
73,a monster calls,7.5,39134,76.0,a monster calls,43000000.0,47309313.0,4309313.0,10.021658139534884
74,collateral beauty,6.8,43977,23.0,collateral beauty,36000000.0,88528280.0,52528280.0,145.91188888888888
75,zootopia,8.1,296853,78.0,zootopia,150000000.0,1024121104.0,874121104.0,582.7474026666666
76,pirates of the caribbean: at world's end,7.1,498821,50.0,pirates of the caribbean: at world's end,300000000.0,960996492.0,660996492.0,220.332164
77,the avengers,8.1,1045588,69.0,the avengers,60000000.0,23384939.0,-36615061.0,-61.02510166666667
77,the avengers,8.1,1045588,69.0,the avengers,220000000.0,1518815515.0,1298815515.0,590.3706886363636
78,inglourious basterds,8.3,959065,69.0,inglourious basterds,70000000.0,321457747.0,251457747.0,359.22535285714287
79,pirates of the caribbean: dead man's chest,7.3,552027,53.0,pirates of the caribbean: dead man's chest,225000000.0,1066179747.0,841179747.0,373.8576653333333
80,ghostbusters,5.3,147717,60.0,ghostbusters,30000000.0,296187079.0,266187079.0,887.2902633333334
80,ghostbusters,5.3,147717,60.0,ghostbusters,144000000.0,229147509.0,85147509.0,59.13021458333333
81,inception,8.8,1583625,74.0,inception,160000000.0,836836967.0,676836967.0,423.023104375
82,captain fantastic,7.9,105081,72.0,captain fantastic,5000000.0,23123592.0,18123592.0,362.47184
83,the wolf of wall street,8.2,865134,75.0,the wolf of wall street,100000000.0,392000694.0,292000694.0,292.000694
84,gone girl,8.1,636243,79.0,gone girl,61000000.0,369330363.0,308330363.0,505.4596114754099
85,furious seven,7.2,301249,67.0,,,,,
86,jurassic world,7.0,455169,59.0,jurassic world,150000000.0,1670516444.0,1520516444.0,1013.6776293333334
87,live by night,6.4,27869,49.0,live by night,108000000.0,22678555.0,-85321445.0,-79.00133796296296
88,avatar,7.8,935408,83.0,avatar,237000000.0,2847246203.0,2610246203.0,1101.3697059071728
89,the hateful eight,7.8,341170,68.0,the hateful eight,44000000.0,156480177.0,112480177.0,255.6367659090909
90,the accountant,7.4,162122,51.0,the accountant,44000000.0,155160045.0,111160045.0,252.6364659090909
91,prisoners,8.1,431185,74.0,prisoners,46000000.0,122126687.0,76126687.0,165.49279782608696
92,warcraft,7.0,187547,32.0,warcraft,160000000.0,439048914.0,279048914.0,174.40557125
93,the help,8.1,342429,62.0,the help,25000000.0,216639112.0,191639112.0,766.5564479999999
94,war dogs,7.1,106463,57.0,war dogs,40000000.0,86234523.0,46234523.0,115.5863075
95,avengers: age of ultron,7.4,516895,66.0,avengers: age of ultron,250000000.0,1402809540.0,1152809540.0,461.123816
96,the nice guys,7.4,175067,70.0,the nice guys,50000000.0,62788218.0,12788218.0,25.576436
97,kimi no na wa,8.6,34110,79.0,,,,,
98,the void,5.8,9247,62.0,,,,,
99,personal shopper,6.3,10181,77.0,personal shopper,6000000.0,2840408.0,-3159592.0,-52.659866666666666
100,the departed,8.5,937414,85.0,the departed,90000000.0,291465373.0,201465373.0,223.85041444444445
101,legend,7.0,108836,55.0,legend,24500000.0,15502112.0,-8997888.0,-36.72607346938776
101,legend,7.0,108836,55.0,legend,30000000.0,42972994.0,12972994.0,43.24331333333333
102,thor,7.0,570814,57.0,thor,150000000.0,449326618.0,299326618.0,199.55107866666663
103,the martian,8.0,556097,80.0,the martian,108000000.0,630162448.0,522162448.0,483.48374814814815
105,the man from u.n.c.l.e.,7.3,202973,56.0,the man from u.n.c.l.e.,75000000.0,107045109.0,32045109.0,42.726812
106,hell or high water,7.7,115546,88.0,hell or high water,12000000.0,37879877.0,25879877.0,215.6656416666667
107,the comedian,5.4,1954,40.0,,,,,
108,the legend of tarzan,6.3,117590,44.0,the legend of tarzan,180000000.0,356700357.0,176700357.0,98.166865
109,all we had,5.8,1004,48.0,,,,,
110,ex machina,7.7,339797,78.0,ex machina,15000000.0,36869414.0,21869414.0,145.79609333333337
111,the belko experiment,6.3,3712,44.0,the belko experiment,5000000.0,11084630.0,6084630.0,121.6926
112,12 years a slave,8.1,486338,96.0,12 years a slave,20000000.0,187733202.0,167733202.0,838.66601
113,the bad batch,6.1,512,65.0,the bad batch,6000000.0,201890.0,-5798110.0,-96.63516666666668
114,300,7.7,637104,52.0,300,65000000.0,456068181.0,391068181.0,601.6433553846153
115,harry potter and the deathly hallows: part 2,8.1,590595,87.0,harry potter and the deathly hallows: part 2,125000000.0,1342321665.0,1217321665.0,973.857332
116,office christmas party,5.8,30761,42.0,office christmas party,45000000.0,114501299.0,69501299.0,154.4473311111111
117,the neon demon,6.2,50359,51.0,the neon demon,7000000.0,3377430.0,-3622570.0,-51.751000000000005
119,10 cloverfield lane,7.2,192968,76.0,10 cloverfield lane,15000000.0,110216998.0,95216998.0,634.7799866666667
120,finding dory,7.4,157026,77.0,finding dory,200000000.0,1028570942.0,828570942.0,414.285471
121,miss peregrine's home for peculiar children,6.7,101058,57.0,miss peregrine's home for peculiar children,110000000.0,296482446.0,186482446.0,169.52949636363635
122,divergent,6.7,362093,48.0,divergent,85000000.0,288885818.0,203885818.0,239.86566823529407
123,mike and dave need wedding dates,6.0,53183,51.0,mike and dave need wedding dates,33000000.0,77068246.0,44068246.0,133.54013939393937
125,the dark knight rises,8.5,1222645,78.0,the dark knight rises,250000000.0,1081142612.0,831142612.0,332.4570448
126,the jungle book,7.5,198243,77.0,the jungle book,27000000.0,43229904.0,16229904.0,60.11075555555555
126,the jungle book,7.5,198243,77.0,the jungle book,175000000.0,966554929.0,791554929.0,452.3171022857143
127,transformers: age of extinction,5.7,255483,32.0,transformers: age of extinction,210000000.0,1104054072.0,894054072.0,425.74003428571433
128,nerve,6.6,69651,58.0,nerve,19000000.0,85251425.0,66251425.0,348.6917105263158
129,mamma mia!,6.4,153481,51.0,mamma mia!,52000000.0,611257819.0,559257819.0,1075.4958057692309
130,the revenant,8.0,499424,76.0,the revenant,135000000.0,532950503.0,397950503.0,294.7781503703704
131,fences,7.3,50953,79.0,fences,24000000.0,64414761.0,40414761.0,168.3948375
132,into the woods,6.0,109756,69.0,into the woods,50000000.0,212902372.0,162902372.0,325.804744
133,the shallows,6.4,78328,59.0,the shallows,17000000.0,119100758.0,102100758.0,600.592694117647
134,whiplash,8.5,477276,88.0,whiplash,3300000.0,49396747.0,46096747.0,1396.8711212121211
135,furious 6,7.1,318051,61.0,,,,,
136,the place beyond the pines,7.3,200090,68.0,the place beyond the pines,15000000.0,47052899.0,32052899.0,213.6859933333333
137,no country for old men,8.1,660286,91.0,no country for old men,25000000.0,171627166.0,146627166.0,586.5086640000001
138,the great gatsby,7.3,386102,55.0,the great gatsby,105000000.0,353642274.0,248642274.0,236.8021657142857
139,shutter island,8.1,855604,63.0,shutter island,80000000.0,294805697.0,214805697.0,268.50712125
140,brimstone,7.1,13004,44.0,,,,,
141,star trek,8.0,526324,82.0,star trek,150000000.0,385680446.0,235680446.0,157.12029733333333
142,diary of a wimpy kid,6.2,34184,56.0,diary of a wimpy kid,15000000.0,76196538.0,61196538.0,407.97692
143,the big short,7.8,246360,81.0,the big short,28000000.0,133440870.0,105440870.0,376.5745357142857
144,room,8.2,224132,86.0,room,13000000.0,35401758.0,22401758.0,172.3212153846154
145,django unchained,8.4,1039115,81.0,django unchained,100000000.0,426074373.0,326074373.0,326.07437300000004
146,ah-ga-ssi,8.1,33418,84.0,,,,,
147,the edge of seventeen,7.4,47694,77.0,the edge of seventeen,9000000.0,19370020.0,10370020.0,115.22244444444443
148,watchmen,7.6,410249,56.0,watchmen,130000000.0,185382813.0,55382813.0,42.60216384615384
149,superbad,7.6,442082,76.0,superbad,20000000.0,170812526.0,150812526.0,754.0626299999999
150,inferno,6.2,97623,42.0,inferno,75000000.0,220021259.0,145021259.0,193.36167866666668
151,the bfg,6.4,50853,66.0,the bfg,140000000.0,195243411.0,55243411.0,39.45957928571429
152,the hunger games,7.2,735604,68.0,the hunger games,78000000.0,694394724.0,616394724.0,790.2496461538462
153,white girl,5.8,4299,65.0,,,,,
154,sicario,7.6,243230,82.0,sicario,30000000.0,84872444.0,54872444.0,182.90814666666665
156,aliens vs predator - requiem,4.7,97618,29.0,,,,,
157,pacific rim,7.0,400519,64.0,pacific rim,190000000.0,411002906.0,221002906.0,116.31731894736843
158,"crazy, stupid, love.",7.4,396714,68.0,"crazy, stupid, love.",50000000.0,145051197.0,95051197.0,190.102394
159,scott pilgrim vs. the world,7.5,291457,69.0,scott pilgrim vs. the world,60000000.0,48917974.0,-11082026.0,-18.470043333333333
160,hot fuzz,7.9,373244,81.0,,,,,
161,mine,6.0,5926,40.0,,,,,
162,free fire,7.0,6946,63.0,,,,,
163,x-men: days of future past,8.0,552298,74.0,x-men: days of future past,200000000.0,746045700.0,546045700.0,273.02285
164,jack reacher: never go back,6.1,78043,47.0,jack reacher: never go back,60000000.0,162146076.0,102146076.0,170.24346
165,casino royale,8.0,495106,80.0,casino royale,150000000.0,616502912.0,466502912.0,311.0019413333333
166,twilight,5.2,361449,56.0,twilight,37000000.0,15055091.0,-21944909.0,-59.31056486486487
166,twilight,5.2,361449,56.0,twilight,37000000.0,408430415.0,371430415.0,1003.8659864864863
167,now you see me 2,6.5,156567,46.0,now you see me 2,90000000.0,334897606.0,244897606.0,272.1084511111111
168,woman in gold,7.3,39723,51.0,woman in gold,11000000.0,61619773.0,50619773.0,460.1797545454546
169,13 hours,7.3,76935,48.0,13 hours,50000000.0,69411370.0,19411370.0,38.82274
170,spectre,6.8,308981,60.0,spectre,245000000.0,880681519.0,635681519.0,259.4618444897959
171,nightcrawler,7.9,332476,76.0,nightcrawler,8500000.0,47398992.0,38898992.0,457.6352
172,kubo and the two strings,7.9,72778,84.0,kubo and the two strings,60000000.0,76249438.0,16249438.0,27.082396666666668
173,beyond the gates,5.2,2127,59.0,,,,,
174,her,8.0,390531,90.0,her,23000000.0,48517427.0,25517427.0,110.94533478260873
175,frozen,7.5,451894,74.0,frozen,150000000.0,1281508100.0,1131508100.0,754.3387333333334
176,tomorrowland,6.5,143069,60.0,tomorrowland,190000000.0,209035668.0,19035668.0,10.018772631578948
177,dawn of the planet of the apes,7.6,337777,79.0,dawn of the planet of the apes,170000000.0,710644566.0,540644566.0,318.02621529411766
178,tropic thunder,7.0,321442,71.0,tropic thunder,92000000.0,195702963.0,103702963.0,112.72061195652174
179,the conjuring 2,7.4,137203,65.0,the conjuring 2,40000000.0,321788219.0,281788219.0,704.4705475
180,ant-man,7.3,368912,64.0,ant-man,130000000.0,519311965.0,389311965.0,299.4707423076923
181,bridget jones's baby,6.7,43086,59.0,bridget jones's baby,35000000.0,211952420.0,176952420.0,505.5783428571429
182,the vvitch: a new-england folktale,6.8,101781,83.0,,,,,
183,cinderella,7.0,117018,67.0,cinderella,95000000.0,542358331.0,447358331.0,470.9035063157895
185,forushande,8.0,22389,85.0,,,,,
186,love,6.0,24003,51.0,,,,,
187,billy lynn's long halftime walk,6.3,11944,53.0,billy lynn's long halftime walk,40000000.0,30930984.0,-9069016.0,-22.67254
188,crimson peak,6.6,97454,66.0,crimson peak,55000000.0,74679822.0,19679822.0,35.78149454545454
189,drive,7.8,461509,78.0,drive,15000000.0,77187281.0,62187281.0,414.5818733333333
190,trainwreck,6.3,106364,75.0,trainwreck,35000000.0,140795793.0,105795793.0,302.27369428571427
191,the light between oceans,7.2,27382,60.0,the light between oceans,20000000.0,25975621.0,5975621.0,29.878105
192,below her mouth,5.6,1445,42.0,,,,,
193,spotlight,8.1,268282,93.0,spotlight,20000000.0,98690254.0,78690254.0,393.45127
194,morgan,5.8,22107,48.0,morgan,8000000.0,8809407.0,809407.0,10.1175875
195,warrior,8.2,355722,71.0,warrior,25000000.0,23308615.0,-1691385.0,-6.7655400000000006
196,captain america: the first avenger,6.9,547368,66.0,captain america: the first avenger,140000000.0,370569774.0,230569774.0,164.69269571428572
198,into the wild,8.1,459304,73.0,into the wild,15000000.0,56675895.0,41675895.0,277.8393
199,the imitation game,8.1,532353,73.0,the imitation game,14000000.0,233555708.0,219555708.0,1568.2550571428571
200,central intelligence,6.3,97082,52.0,central intelligence,50000000.0,216972543.0,166972543.0,333.945086
201,edge of tomorrow,7.9,471815,71.0,edge of tomorrow,178000000.0,370541256.0,192541256.0,108.16924494382025
202,a cure for wellness,6.5,12193,47.0,a cure for wellness,40000000.0,26620002.0,-13379998.0,-33.449995
203,snowden,7.3,79855,58.0,snowden,40000000.0,37357216.0,-2642784.0,-6.606960000000001
204,iron man,7.9,737719,79.0,iron man,140000000.0,585796247.0,445796247.0,318.4258907142857
205,allegiant,5.7,70504,33.0,allegiant,110000000.0,179246868.0,69246868.0,62.95169818181818
206,x: first class,7.8,550011,65.0,,,,,
207,raw (ii),7.5,5435,81.0,,,,,
208,paterson,7.5,26089,90.0,paterson,5000000.0,9588282.0,4588282.0,91.76564
209,bridesmaids,6.8,227912,75.0,bridesmaids,32500000.0,288383523.0,255883523.0,787.3339169230769
210,the girl with all the gifts,6.7,23713,67.0,,,,,
211,san andreas,6.1,161396,43.0,san andreas,110000000.0,473990832.0,363990832.0,330.90075636363633
212,spring breakers,5.3,114290,63.0,spring breakers,5000000.0,32170399.0,27170399.0,543.4079800000001
213,transformers,7.1,531112,61.0,transformers,150000000.0,709709780.0,559709780.0,373.13985333333335
214,old boy,5.8,54679,49.0,,,,,
215,thor: the dark world,7.0,443584,54.0,thor: the dark world,170000000.0,644783140.0,474783140.0,279.2842
216,gods of egypt,5.5,73568,25.0,gods of egypt,140000000.0,150680864.0,10680864.0,7.629188571428572
217,captain america: the winter soldier,7.8,542362,70.0,captain america: the winter soldier,170000000.0,714421503.0,544421503.0,320.24794294117646
218,monster trucks,5.7,7044,41.0,monster trucks,125000000.0,64493915.0,-60506085.0,-48.404868
219,a dark song,6.1,1703,67.0,,,,,
220,kick-ass,7.7,456749,66.0,kick-ass,30000000.0,96188903.0,66188903.0,220.62967666666663
221,hardcore henry,6.7,61098,51.0,hardcore henry,2000000.0,16810562.0,14810562.0,740.5281
222,cars,7.1,283445,73.0,cars,120000000.0,461991867.0,341991867.0,284.9932225
223,it follows,6.9,136399,83.0,it follows,1000000.0,21947454.0,20947454.0,2094.7454
224,the girl with the dragon tattoo,7.8,348551,71.0,the girl with the dragon tattoo,13000000.0,104414200.0,91414200.0,703.1861538461538
224,the girl with the dragon tattoo,7.8,348551,71.0,the girl with the dragon tattoo,90000000.0,232617430.0,142617430.0,158.4638111111111
225,we're the millers,7.0,334867,44.0,we're the millers,37000000.0,269994119.0,232994119.0,629.7138351351351
226,american honey,7.0,19660,79.0,,,,,
227,the lobster,7.1,121313,82.0,,,,,
228,predators,6.4,179450,51.0,predators,40000000.0,127233108.0,87233108.0,218.08277
229,maleficent,7.0,268877,56.0,maleficent,180000000.0,758411779.0,578411779.0,321.33987722222224
230,rupture,4.8,2382,35.0,,,,,
231,pan's labyrinth,8.2,498879,98.0,pan's labyrinth,19000000.0,83850267.0,64850267.0,341.3171947368421
232,a kind of murder,5.2,3305,50.0,,,,,
233,apocalypto,7.8,247926,68.0,apocalypto,40000000.0,120673227.0,80673227.0,201.6830675
234,mission: impossible - rogue nation,7.4,257472,75.0,mission: impossible - rogue nation,150000000.0,682716636.0,532716636.0,355.144424
235,the huntsman: winter's war,6.1,66766,35.0,the huntsman: winter's war,115000000.0,164989338.0,49989338.0,43.46898956521739
236,the perks of being a wallflower,8.0,377336,67.0,the perks of being a wallflower,13000000.0,33384127.0,20384127.0,156.80097692307692
237,jackie,6.8,41446,81.0,jackie,9000000.0,29777777.0,20777777.0,230.8641888888889
238,the disappointments room,3.9,4895,31.0,,,,,
239,the grand budapest hotel,8.1,530881,88.0,the grand budapest hotel,25000000.0,172945750.0,147945750.0,591.783
240,the host,5.9,96852,35.0,the host,40000000.0,63365859.0,23365859.0,58.41464750000001
241,fury,7.6,332234,64.0,fury,68000000.0,211822697.0,143822697.0,211.5039661764706
242,inside out,8.2,416689,94.0,inside out,175000000.0,858848019.0,683848019.0,390.7702965714286
243,rock dog,5.8,1109,48.0,rock dog,60000000.0,23157646.0,-36842354.0,-61.40392333333333
244,terminator genisys,6.5,205365,38.0,terminator genisys,155000000.0,440603537.0,285603537.0,184.2603464516129
245,percy jackson & the olympians: the lightning thief,5.9,148949,47.0,percy jackson & the olympians: the lightning thief,95000000.0,226497209.0,131497209.0,138.4181147368421
246,les misérables,7.6,257426,63.0,les misérables,61000000.0,441809770.0,380809770.0,624.2783114754099
247,children of men,7.9,382910,84.0,children of men,76000000.0,70595464.0,-5404536.0,-7.111231578947369
248,20th century women,7.4,14708,83.0,20th century women,7000000.0,7214806.0,214806.0,3.068657142857143
249,spy,7.1,188017,75.0,spy,65000000.0,235666219.0,170666219.0,262.5634138461538
250,the intouchables,8.6,557965,57.0,,,,,
251,bonjour anne,4.9,178,50.0,,,,,
252,kynodontas,7.3,50946,73.0,,,,,
253,straight outta compton,7.9,139831,72.0,straight outta compton,28000000.0,201634991.0,173634991.0,620.1249678571428
254,the amazing spider-man 2,6.7,342183,53.0,the amazing spider-man 2,200000000.0,708982323.0,508982323.0,254.49116150000003
255,the conjuring,7.5,330305,68.0,the conjuring,20000000.0,320290989.0,300290989.0,1501.454945
256,the hangover,7.8,611563,73.0,the hangover,35000000.0,469310836.0,434310836.0,1240.888102857143
257,battleship,5.8,210349,41.0,battleship,209000000.0,303025485.0,94025485.0,44.98827033492823
258,rise of the planet of the apes,7.6,422290,68.0,rise of the planet of the apes,93000000.0,481800873.0,388800873.0,418.06545483870974
259,lights out,6.4,69823,58.0,lights out,4900000.0,148868835.0,143968835.0,2938.139489795918
260,norman: the moderate rise and tragic fall of a new york fixer,7.1,664,76.0,,,,,
261,birdman or (the unexpected virtue of ignorance),7.8,440299,88.0,birdman or (the unexpected virtue of ignorance),18000000.0,103215094.0,85215094.0,473.41718888888886
262,black swan,8.0,581518,79.0,black swan,13000000.0,329398046.0,316398046.0,2433.831123076923
263,dear white people,6.2,21715,79.0,,,,,
264,nymphomaniac: vol. i,7.0,90556,64.0,,,,,
265,teenage mutant ninja turtles: out of the shadows,6.0,59312,40.0,teenage mutant ninja turtles: out of the shadows,135000000.0,245623848.0,110623848.0,81.94359111111112
266,knock knock,4.9,53441,53.0,knock knock,2500000.0,5567103.0,3067103.0,122.68412
267,dirty grandpa,6.0,75137,18.0,dirty grandpa,25000000.0,94073028.0,69073028.0,276.29211200000003
268,cloud atlas,7.5,298651,55.0,cloud atlas,102000000.0,130482868.0,28482868.0,27.924380392156863
269,x-men origins: wolverine,6.7,388447,40.0,x-men origins: wolverine,150000000.0,373062864.0,223062864.0,148.708576
271,skyfall,7.8,547386,81.0,skyfall,200000000.0,1108569499.0,908569499.0,454.2847495
272,the hobbit: an unexpected journey,7.9,668651,58.0,the hobbit: an unexpected journey,180000000.0,1017003568.0,837003568.0,465.00198222222224
273,21 jump street,7.2,432046,69.0,21 jump street,42000000.0,201585328.0,159585328.0,379.9650666666666
274,sing street,8.0,52144,79.0,,,,,
276,oblivion,7.0,410125,54.0,oblivion,120000000.0,286168572.0,166168572.0,138.47381
277,22 jump street,7.1,280110,71.0,22 jump street,50000000.0,331333876.0,281333876.0,562.6677520000001
278,zodiac,7.7,329683,78.0,zodiac,65000000.0,84785914.0,19785914.0,30.439867692307693
279,everybody wants some!!,7.0,36312,83.0,everybody wants some!!,10000000.0,4644472.0,-5355528.0,-53.55528
280,iron man three,7.2,591023,62.0,,,,,
281,now you see me,7.3,492324,50.0,now you see me,75000000.0,351723989.0,276723989.0,368.9653186666667
282,sherlock holmes,7.6,501769,57.0,sherlock holmes,90000000.0,524028679.0,434028679.0,482.2540877777778
284,the danish girl,7.0,110773,66.0,the danish girl,15000000.0,64191523.0,49191523.0,327.9434866666667
285,hercules,6.0,122838,47.0,hercules,2500000.0,10676194.0,8176194.0,327.04776
285,hercules,6.0,122838,47.0,hercules,85000000.0,252712101.0,167712101.0,197.30835411764707
285,hercules,6.0,122838,47.0,hercules,100000000.0,244819862.0,144819862.0,144.819862
286,sucker punch,6.1,204874,33.0,sucker punch,82000000.0,89792502.0,7792502.0,9.503051219512196
287,keeping up with the joneses,5.8,30405,34.0,keeping up with the joneses,40000000.0,29918745.0,-10081255.0,-25.2031375
288,jupiter ascending,5.3,150121,40.0,jupiter ascending,176000000.0,183887723.0,7887723.0,4.4816607954545455
289,masterminds,5.8,26508,47.0,masterminds,25000000.0,29674699.0,4674699.0,18.698796
291,busanhaeng,7.5,58782,72.0,,,,,
292,pitch perfect,7.2,226631,66.0,pitch perfect,17000000.0,115350426.0,98350426.0,578.5319176470588
293,neighbors 2: sorority rising,5.7,76327,58.0,neighbors 2: sorority rising,35000000.0,108007109.0,73007109.0,208.59174
295,man of steel,7.1,577010,55.0,man of steel,225000000.0,668045518.0,443045518.0,196.9091191111111
296,the choice,6.6,20514,26.0,,,,,
297,ice age: collision course,5.7,34523,34.0,ice age: collision course,105000000.0,408754975.0,303754975.0,289.2904523809524
298,the devil wears prada,6.8,302268,62.0,the devil wears prada,35000000.0,326706115.0,291706115.0,833.4460428571429
299,the infiltrator,7.1,43929,66.0,the infiltrator,28000000.0,21011110.0,-6988890.0,-24.960321428571422
300,there will be blood,8.1,400682,92.0,there will be blood,25000000.0,76182388.0,51182388.0,204.729552
301,the equalizer,7.2,249425,57.0,the equalizer,55000000.0,192330738.0,137330738.0,249.6922509090909
302,lone survivor,7.5,218996,60.0,lone survivor,40000000.0,154802912.0,114802912.0,287.00728
303,the cabin in the woods,7.0,295554,72.0,the cabin in the woods,30000000.0,69935600.0,39935600.0,133.11866666666668
304,the house bunny,5.5,67033,55.0,the house bunny,25000000.0,70439696.0,45439696.0,181.758784
305,she's out of my league,6.4,105619,46.0,she's out of my league,20000000.0,49779728.0,29779728.0,148.89864
306,inherent vice,6.7,69509,81.0,inherent vice,20000000.0,14710975.0,-5289025.0,-26.445125000000004
307,alice through the looking glass,6.2,57207,34.0,alice through the looking glass,170000000.0,299820798.0,129820798.0,76.36517529411765
309,the fast and the furious: tokyo drift,6.0,193479,45.0,the fast and the furious: tokyo drift,85000000.0,158964610.0,73964610.0,87.01718823529411
310,how to be single,6.1,59886,51.0,how to be single,38000000.0,112343513.0,74343513.0,195.6408236842105
311,the blind side,7.7,237221,53.0,the blind side,29000000.0,309208309.0,280208309.0,966.235548275862
312,la vie d'adèle,7.8,103150,88.0,,,,,
313,the babadook,6.8,132580,86.0,the babadook,2000000.0,10312540.0,8312540.0,415.627
314,the hobbit: the battle of the five armies,7.4,385598,59.0,the hobbit: the battle of the five armies,250000000.0,962182865.0,712182865.0,284.873146
315,harry potter and the order of the phoenix,7.5,385325,71.0,harry potter and the order of the phoenix,150000000.0,942172396.0,792172396.0,528.1149306666666
316,snowpiercer,7.0,199048,84.0,snowpiercer,39200000.0,86758912.0,47558912.0,121.3237551020408
317,the 5th wave,5.2,73093,33.0,the 5th wave,38000000.0,109906372.0,71906372.0,189.2272947368421
319,the visit,6.2,81429,55.0,the visit,5000000.0,98450062.0,93450062.0,1869.00124
320,fast five,7.3,300803,66.0,fast five,125000000.0,626137675.0,501137675.0,400.91014
321,step up,6.5,95960,48.0,step up,12000000.0,114197742.0,102197742.0,851.64785
321,step up,6.5,95960,48.0,step up,30000000.0,159291809.0,129291809.0,430.9726966666667
322,lovesong,6.4,616,74.0,,,,,
323,rocknrolla,7.3,203096,53.0,rocknrolla,18000000.0,25740863.0,7740863.0,43.00479444444444
324,in time,6.7,319025,53.0,in time,40000000.0,173930596.0,133930596.0,334.82649000000004
325,the social network,7.7,510100,95.0,the social network,40000000.0,224920375.0,184920375.0,462.3009375
326,the last witch hunter,6.0,71149,34.0,the last witch hunter,90000000.0,146936910.0,56936910.0,63.26323333333333
327,victor frankenstein,6.0,37975,36.0,victor frankenstein,65000000.0,34227298.0,-30772702.0,-47.34261846153846
328,a street cat named bob,7.4,12643,54.0,,,,,
329,green room,7.0,62885,79.0,green room,5000000.0,3769214.0,-1230786.0,-24.61572
330,blackhat,5.4,43085,51.0,blackhat,70000000.0,19652057.0,-50347943.0,-71.92563285714286
331,storks,6.9,34248,56.0,storks,70000000.0,183388953.0,113388953.0,161.98421857142858
332,american sniper,7.3,353305,72.0,american sniper,58800000.0,547426372.0,488626372.0,830.9972312925171
333,dallas buyers club,8.0,352801,84.0,dallas buyers club,5000000.0,55736588.0,50736588.0,1014.73176
334,lincoln,7.4,207497,86.0,lincoln,65000000.0,275293450.0,210293450.0,323.5283846153846
335,rush,8.1,339722,75.0,rush,17000000.0,7241350.0,-9758650.0,-57.40382352941177
335,rush,8.1,339722,75.0,rush,38000000.0,96983009.0,58983009.0,155.2184447368421
337,silver linings playbook,7.8,564364,81.0,silver linings playbook,21000000.0,236412453.0,215412453.0,1025.7735857142857
338,tracktown,5.9,115,64.0,,,,,
339,the fault in our stars,7.8,271301,69.0,the fault in our stars,12000000.0,307166834.0,295166834.0,2459.7236166666667
340,blended,6.5,93764,31.0,blended,40000000.0,127994610.0,87994610.0,219.98652500000003
341,fast & furious,6.6,217464,46.0,fast & furious,85000000.0,360366870.0,275366870.0,323.96102352941176
342,looper,7.4,452369,84.0,looper,30000000.0,176506819.0,146506819.0,488.3560633333333
343,white house down,6.4,173320,52.0,white house down,150000000.0,205366737.0,55366737.0,36.911158
344,pete's dragon,6.8,36322,71.0,pete's dragon,65000000.0,143695338.0,78695338.0,121.06975076923077
345,spider-man 3,6.2,406219,59.0,spider-man 3,258000000.0,894983373.0,636983373.0,246.89278023255812
346,the three musketeers,5.8,92329,35.0,the three musketeers,30000000.0,53898845.0,23898845.0,79.66281666666667
346,the three musketeers,5.8,92329,35.0,the three musketeers,75000000.0,132274484.0,57274484.0,76.36597866666666
347,stardust,7.7,220664,66.0,stardust,70000000.0,137515140.0,67515140.0,96.4502
348,american hustle,7.3,379088,90.0,american hustle,40000000.0,251171807.0,211171807.0,527.9295175
349,jennifer's body,5.1,96617,47.0,jennifer's body,16000000.0,31556061.0,15556061.0,97.22538125
350,midnight in paris,7.7,320323,81.0,midnight in paris,17000000.0,151653750.0,134653750.0,792.0808823529412
351,lady macbeth,7.3,1396,83.0,,,,,
352,joy,6.6,97679,56.0,joy,60000000.0,101134059.0,41134059.0,68.556765
353,the dressmaker,7.1,33352,47.0,,,,,
354,café society,6.7,45579,64.0,café society,30000000.0,43763247.0,13763247.0,45.87749
355,insurgent,6.3,171970,42.0,,,,,
356,seventh son,5.5,59958,30.0,seventh son,95000000.0,114178613.0,19178613.0,20.188013684210524
358,the theory of everything,7.7,299718,72.0,the theory of everything,15000000.0,123726688.0,108726688.0,724.8445866666667
359,this is the end,6.6,327838,67.0,this is the end,32000000.0,126041322.0,94041322.0,293.87913125
360,about time,7.8,221600,55.0,about time,12000000.0,87100449.0,75100449.0,625.837075
361,step brothers,6.9,223065,51.0,step brothers,65000000.0,128108211.0,63108211.0,97.0895553846154
362,clown,5.7,14248,42.0,clown,1500000.0,4381603.0,2881603.0,192.1068666666667
363,star trek into darkness,7.8,417663,72.0,star trek into darkness,190000000.0,467365246.0,277365246.0,145.98170842105262
364,zombieland,7.7,409403,73.0,zombieland,23600000.0,102392080.0,78792080.0,333.8647457627119
365,"hail, caesar!",6.3,89059,72.0,"hail, caesar!",22000000.0,63945241.0,41945241.0,190.6601863636364
366,slumdog millionaire,8.0,677044,86.0,slumdog millionaire,15000000.0,378410542.0,363410542.0,2422.7369466666664
367,the twilight saga: breaking dawn - part 2,5.5,194329,52.0,the twilight saga: breaking dawn - part 2,120000000.0,829747654.0,709747654.0,591.4563783333333
369,the amazing spider-man,7.0,474320,66.0,the amazing spider-man,230000000.0,757930663.0,527930663.0,229.53507086956523
370,ben-hur,5.7,28326,38.0,ben-hur,100000000.0,94061311.0,-5938689.0,-5.938689
371,sleight,6.0,702,62.0,,,,,
372,the maze runner,6.8,335531,57.0,the maze runner,34000000.0,348319861.0,314319861.0,924.4701794117648
373,criminal,6.3,38430,36.0,criminal,31500000.0,38803993.0,7303993.0,23.18727936507937
374,wanted,6.7,312495,64.0,wanted,75000000.0,342463063.0,267463063.0,356.6174173333333
375,florence foster jenkins,6.9,31776,71.0,florence foster jenkins,29000000.0,49052787.0,20052787.0,69.14754137931034
376,collide,5.7,7583,33.0,,,,,
377,black mass,6.9,135706,68.0,black mass,53000000.0,99775678.0,46775678.0,88.25599622641509
378,creed,7.6,175673,82.0,creed,35000000.0,173567581.0,138567581.0,395.9073742857143
379,swiss army man,7.1,61812,64.0,swiss army man,3000000.0,4935501.0,1935501.0,64.5167
380,the expendables 3,6.1,137568,35.0,the expendables 3,80000000.0,214657577.0,134657577.0,168.32197125
381,what we do in the shadows,7.6,84016,76.0,what we do in the shadows,1600000.0,7253160.0,5653160.0,353.3225
382,southpaw,7.4,169083,57.0,southpaw,30000000.0,91970827.0,61970827.0,206.56942333333333
383,hush,6.6,45867,67.0,hush,21000000.0,13583690.0,-7416310.0,-35.31576190476191
384,bridge of spies,7.6,217938,81.0,bridge of spies,40000000.0,165478348.0,125478348.0,313.69587
385,the lego movie,7.8,266508,83.0,the lego movie,60000000.0,468060692.0,408060692.0,680.1011533333333
386,everest,7.1,154647,64.0,everest,55000000.0,203427584.0,148427584.0,269.86833454545456
387,pixels,5.6,101092,27.0,pixels,88000000.0,244874809.0,156874809.0,178.26682840909092
388,robin hood,6.7,221117,53.0,robin hood,200000000.0,321669741.0,121669741.0,60.83487050000001
388,robin hood,6.7,221117,53.0,robin hood,100000000.0,86493046.0,-13506954.0,-13.506954
389,the wolverine,6.7,355362,60.0,the wolverine,120000000.0,414828246.0,294828246.0,245.690205
390,john carter,6.6,220667,51.0,john carter,250000000.0,284139100.0,34139100.0,13.65564
391,keanu,6.3,31913,63.0,keanu,15000000.0,20651333.0,5651333.0,37.67555333333333
392,the gunman,5.8,31194,39.0,the gunman,40000000.0,24177137.0,-15822863.0,-39.5571575
393,steve jobs,7.2,116112,82.0,steve jobs,30000000.0,34441873.0,4441873.0,14.806243333333333
394,whisky galore,5.0,102,43.0,,,,,
395,grown ups 2,5.4,114482,19.0,grown ups 2,80000000.0,246984278.0,166984278.0,208.7303475
396,the age of adaline,7.2,112288,51.0,the age of adaline,25000000.0,65663276.0,40663276.0,162.65310399999998
397,the incredible hulk,6.8,342355,61.0,the incredible hulk,150000000.0,264770996.0,114770996.0,76.51399733333332
398,couples retreat,5.5,86417,23.0,couples retreat,70000000.0,171844840.0,101844840.0,145.49262857142858
399,absolutely anything,6.0,26587,31.0,,,,,
400,magic mike,6.1,113686,72.0,magic mike,7000000.0,167739961.0,160739961.0,2296.2851571428573
401,minions,6.4,159830,56.0,minions,74000000.0,1159444662.0,1085444662.0,1466.8171108108108
402,the black room,3.9,240,71.0,,,,,
404,despicable me,7.7,410607,72.0,despicable me,69000000.0,543113985.0,474113985.0,687.1217173913044
405,the best of me,6.7,49041,29.0,the best of me,26000000.0,38609668.0,12609668.0,48.49872307692308
406,the invitation,6.7,40529,74.0,,,,,
407,zero dark thirty,7.4,226661,95.0,zero dark thirty,40000000.0,132820716.0,92820716.0,232.05179
408,tangled,7.8,316459,71.0,tangled,260000000.0,592462816.0,332462816.0,127.87031384615383
409,the hunger games: mockingjay - part 2,6.6,202380,65.0,the hunger games: mockingjay - part 2,160000000.0,658344137.0,498344137.0,311.465085625
410,vacation,6.1,74589,34.0,vacation,31000000.0,107228221.0,76228221.0,245.8974870967742
411,taken,7.8,502961,50.0,taken,25000000.0,226837760.0,201837760.0,807.35104
412,pitch perfect 2,6.5,108306,63.0,pitch perfect 2,29000000.0,287144079.0,258144079.0,890.1519965517242
413,monsters university,7.3,252119,65.0,monsters university,200000000.0,743559645.0,543559645.0,271.7798225
414,elle,7.2,35417,89.0,,,,,
415,mechanic: resurrection,5.6,48161,38.0,mechanic: resurrection,40000000.0,125729635.0,85729635.0,214.3240875
416,tusk,5.4,34546,55.0,tusk,3000000.0,1882074.0,-1117926.0,-37.2642
417,the headhunter's calling,6.9,164,85.0,,,,,
419,harry potter and the deathly hallows: part 1,7.7,357213,65.0,,,,,
420,shame,7.2,155010,72.0,shame,6500000.0,19123767.0,12623767.0,194.2118
421,hanna,6.8,164208,65.0,hanna,30000000.0,63782078.0,33782078.0,112.60692666666668
422,the babysitters,5.7,8914,35.0,,,,,
423,pride and prejudice and zombies,5.8,35003,45.0,pride and prejudice and zombies,28000000.0,16457494.0,-11542506.0,-41.223235714285714
424,300: rise of an empire,6.2,237887,48.0,300: rise of an empire,110000000.0,337580051.0,227580051.0,206.89095545454543
425,london has fallen,5.9,100702,28.0,london has fallen,60000000.0,205754447.0,145754447.0,242.9240783333333
426,the curious case of benjamin button,7.8,485075,70.0,the curious case of benjamin button,150000000.0,335802786.0,185802786.0,123.868524
427,sin city: a dame to kill for,6.5,122185,46.0,sin city: a dame to kill for,65000000.0,39407616.0,-25592384.0,-39.37289846153846
428,the bourne ultimatum,8.1,525700,85.0,the bourne ultimatum,110000000.0,444100035.0,334100035.0,303.72730454545456
429,srpski film,5.2,43648,55.0,,,,,
431,3 idiots,8.4,238789,67.0,,,,,
432,zoolander 2,4.7,48297,34.0,zoolander 2,50000000.0,56722693.0,6722693.0,13.445386
433,world war z,7.0,494819,63.0,world war z,190000000.0,540455876.0,350455876.0,184.4504610526316
434,mission: impossible - ghost protocol,7.4,382459,73.0,mission: impossible - ghost protocol,145000000.0,694713380.0,549713380.0,379.11267586206895
435,let me make you a martyr,6.4,223,56.0,,,,,
437,the longest ride,7.1,58421,33.0,the longest ride,34000000.0,62944815.0,28944815.0,85.13180882352941
438,the imposible,7.6,156189,73.0,,,,,
439,kick-ass 2,6.6,214825,41.0,kick-ass 2,28000000.0,60795985.0,32795985.0,117.12851785714288
440,folk hero & funny guy,5.6,220,63.0,,,,,
441,oz the great and powerful,6.3,181521,44.0,oz the great and powerful,215000000.0,493311825.0,278311825.0,129.44736046511628
442,brooklyn,7.5,94977,87.0,brooklyn,11000000.0,62402155.0,51402155.0,467.2923181818182
443,coraline,7.7,156620,80.0,coraline,60000000.0,124596837.0,64596837.0,107.661395
444,blue valentine,7.4,151409,81.0,blue valentine,1000000.0,15440333.0,14440333.0,1444.0333
445,the thinning,6.0,4531,31.0,,,,,
447,dredd,7.1,213764,59.0,dredd,50000000.0,41037742.0,-8962258.0,-17.924515999999997
448,hunt for the wilderpeople,7.9,52331,81.0,,,,,
449,big hero 6,7.8,309186,74.0,big hero 6,165000000.0,657869686.0,492869686.0,298.7089006060606
450,carrie,5.9,113272,53.0,carrie,30000000.0,84790678.0,54790678.0,182.63559333333333
451,iron man 2,7.0,556666,57.0,iron man 2,200000000.0,623933331.0,423933331.0,211.9666655
452,demolition,7.0,58720,49.0,demolition,10000000.0,4366460.0,-5633540.0,-56.3354
453,pandorum,6.8,126656,28.0,pandorum,33000000.0,20648328.0,-12351672.0,-37.42930909090909
454,olympus has fallen,6.5,214994,41.0,olympus has fallen,70000000.0,170270201.0,100270201.0,143.2431442857143
455,i am number four,6.1,202682,36.0,i am number four,60000000.0,149878437.0,89878437.0,149.797395
456,jagten,8.3,192263,76.0,,,,,
457,the proposal,6.7,241709,48.0,the proposal,40000000.0,317375031.0,277375031.0,693.4375775000001
458,get hard,6.0,95119,34.0,get hard,40000000.0,111711453.0,71711453.0,179.2786325
459,just go with it,6.4,182069,33.0,just go with it,80000000.0,214945591.0,134945591.0,168.68198875
460,revolutionary road,7.3,159736,69.0,revolutionary road,35000000.0,75981180.0,40981180.0,117.08908571428572
461,the town,7.6,294553,74.0,the town,37000000.0,154026136.0,117026136.0,316.28685405405406
462,the boy,6.0,51235,42.0,the boy,10000000.0,73929392.0,63929392.0,639.29392
463,denial,6.6,8229,63.0,denial,10000000.0,7994527.0,-2005473.0,-20.054730000000003
464,predestination,7.5,187760,69.0,predestination,5100000.0,4942449.0,-157551.0,-3.089235294117647
465,goosebumps,6.3,57602,60.0,goosebumps,58000000.0,158261424.0,100261424.0,172.86452413793103
466,sherlock holmes: a game of shadows,7.5,357436,48.0,sherlock holmes: a game of shadows,125000000.0,543848418.0,418848418.0,335.0787344
467,salt,6.4,255813,65.0,salt,110000000.0,293503354.0,183503354.0,166.8212309090909
468,enemy,6.9,111558,61.0,,,,,
469,district 9,8.0,556794,81.0,district 9,30000000.0,210888950.0,180888950.0,602.9631666666667
470,the other guys,6.7,199900,64.0,the other guys,100000000.0,170458922.0,70458922.0,70.458922
471,american gangster,7.8,337835,76.0,american gangster,100000000.0,269755430.0,169755430.0,169.75543
472,marie antoinette,6.4,83941,65.0,marie antoinette,40000000.0,60917189.0,20917189.0,52.292972500000005
473,2012,5.8,297984,49.0,2012,200000000.0,791217826.0,591217826.0,295.60891300000003
474,harry potter and the half-blood prince,7.5,351059,78.0,harry potter and the half-blood prince,250000000.0,934454096.0,684454096.0,273.7816384
475,argo,7.7,481274,86.0,argo,44500000.0,232325503.0,187825503.0,422.07978202247193
476,eddie the eagle,7.4,56332,54.0,eddie the eagle,23000000.0,46152800.0,23152800.0,100.66434782608697
477,the lives of others,8.5,278103,89.0,the lives of others,2000000.0,77356942.0,75356942.0,3767.8471
478,pet,5.7,8404,48.0,,,,,
479,paint it black,8.3,61,71.0,,,,,
480,macbeth,6.7,41642,71.0,macbeth,15000000.0,16322067.0,1322067.0,8.81378
481,forgetting sarah marshall,7.2,226619,67.0,forgetting sarah marshall,30000000.0,105833257.0,75833257.0,252.7775233333333
482,the giver,6.5,93799,47.0,the giver,25000000.0,66980456.0,41980456.0,167.921824
483,triple 9,6.3,48400,52.0,triple 9,20000000.0,23177948.0,3177948.0,15.88974
484,perfetti sconosciuti,7.7,17584,43.0,,,,,
486,moonrise kingdom,7.8,254446,84.0,moonrise kingdom,16000000.0,68264022.0,52264022.0,326.6501375
487,hairspray,6.7,102954,81.0,hairspray,2000000.0,6673032.0,4673032.0,233.6516
487,hairspray,6.7,102954,81.0,hairspray,75000000.0,203553311.0,128553311.0,171.40441466666667
488,safe haven,6.7,84765,34.0,safe haven,28000000.0,97594140.0,69594140.0,248.5505
489,focus,6.6,166489,56.0,focus,50100000.0,158762963.0,108662963.0,216.89214171656687
490,ratatouille,8.0,504039,96.0,ratatouille,150000000.0,623726085.0,473726085.0,315.81739
491,stake land,6.5,36091,66.0,stake land,650000.0,405380.0,-244620.0,-37.63384615384616
492,the book of eli,6.9,241359,53.0,the book of eli,80000000.0,157107755.0,77107755.0,96.38469375
493,cloverfield,7.0,313803,64.0,cloverfield,25000000.0,172394180.0,147394180.0,589.57672
494,point break,5.3,44553,34.0,point break,24000000.0,83531958.0,59531958.0,248.049825
494,point break,5.3,44553,34.0,point break,105000000.0,133718711.0,28718711.0,27.351153333333333
495,under the skin,6.3,94707,78.0,under the skin,13300000.0,5866389.0,-7433611.0,-55.89181203007519
496,i am legend,7.2,565721,65.0,i am legend,150000000.0,585410052.0,435410052.0,290.273368
497,men in black 3,6.8,278379,58.0,men in black 3,225000000.0,624026776.0,399026776.0,177.34523377777776
498,super 8,7.1,298913,72.0,super 8,50000000.0,260095986.0,210095986.0,420.191972
499,law abiding citizen,7.4,228339,34.0,law abiding citizen,50000000.0,127944208.0,77944208.0,155.888416
500,up,8.3,722203,88.0,up,175000000.0,735099102.0,560099102.0,320.05662971428575
501,maze runner: the scorch trials,6.3,159364,43.0,maze runner: the scorch trials,61000000.0,312296056.0,251296056.0,411.9607475409836
502,carol,7.2,77995,95.0,carol,11800000.0,40272135.0,28472135.0,241.28927966101696
503,imperium,6.5,27428,68.0,,,,,
504,youth,7.3,52636,64.0,,,,,
505,mr. nobody,7.9,166872,63.0,mr. nobody,47000000.0,3559160.0,-43440840.0,-92.42731914893618
506,city of tiny lights,5.7,291,54.0,,,,,
507,savages,6.5,107960,59.0,savages,45000000.0,82966152.0,37966152.0,84.36922666666666
508,(500) days of summer,7.7,398972,76.0,,,,,
509,movie 43,4.3,83625,18.0,movie 43,6000000.0,32443111.0,26443111.0,440.7185166666666
510,gravity,7.8,622089,96.0,gravity,100000000.0,723192705.0,623192705.0,623.192705
511,the boy in the striped pyjamas,7.8,144614,55.0,,,,,
512,shooter,7.2,267820,53.0,shooter,61000000.0,95696996.0,34696996.0,56.88032131147541
513,the happening,5.0,170897,34.0,the happening,48000000.0,163403799.0,115403799.0,240.42458125
514,bone tomahawk,7.1,47289,72.0,,,,,
515,magic mike xxl,5.7,42506,60.0,magic mike xxl,14800000.0,117813057.0,103013057.0,696.0341689189189
516,easy a,7.1,294950,72.0,easy a,8000000.0,75026327.0,67026327.0,837.8290874999999
517,exodus: gods and kings,6.0,137299,52.0,exodus: gods and kings,140000000.0,268175631.0,128175631.0,91.55402214285714
518,chappie,6.9,188769,41.0,chappie,49000000.0,102811889.0,53811889.0,109.82018163265306
519,the hobbit: the desolation of smaug,7.9,513744,66.0,the hobbit: the desolation of smaug,225000000.0,959007513.0,734007513.0,326.2255613333333
520,half of a yellow sun,6.2,1356,51.0,,,,,
521,anthropoid,7.2,24100,59.0,,,,,
522,the counselor,5.3,84927,48.0,the counselor,25000000.0,71009334.0,46009334.0,184.037336
523,viking,4.7,1830,57.0,,,,,
525,trust,7.0,36043,60.0,trust,700000.0,357400.0,-342600.0,-48.94285714285714
525,trust,7.0,36043,60.0,trust,4000000.0,595802.0,-3404198.0,-85.10495
526,birth of the dragon,3.9,552,61.0,,,,,
528,the green inferno,5.4,26461,38.0,the green inferno,5000000.0,12666449.0,7666449.0,153.32898
529,godzilla,6.4,318058,62.0,godzilla,130000000.0,379014294.0,249014294.0,191.5494569230769
529,godzilla,6.4,318058,62.0,godzilla,160000000.0,524976069.0,364976069.0,228.110043125
530,the bourne legacy,6.7,245374,61.0,the bourne legacy,125000000.0,276144750.0,151144750.0,120.9158
531,a good year,6.9,74674,47.0,a good year,35000000.0,42269923.0,7269923.0,20.77120857142857
532,friend request,5.4,12758,59.0,,,,,
534,lucy,6.4,352698,61.0,lucy,40000000.0,458863600.0,418863600.0,1047.159
535,a quiet passion,7.2,1024,77.0,,,,,
536,need for speed,6.5,143389,39.0,need for speed,66000000.0,203277636.0,137277636.0,207.99641818181817
537,jack reacher,7.0,250811,50.0,jack reacher,60000000.0,218340595.0,158340595.0,263.9009916666667
538,the do-over,5.7,24761,22.0,,,,,
539,true crimes,7.3,198,43.0,,,,,
541,the ghost writer,7.2,137964,77.0,the ghost writer,45000000.0,60331447.0,15331447.0,34.06988222222222
542,limitless,7.4,444417,59.0,limitless,27000000.0,161849455.0,134849455.0,499.4424259259259
543,spectral,6.3,27042,39.0,,,,,
545,zipper,5.7,4912,39.0,,,,,
546,midnight special,6.7,54787,76.0,midnight special,18000000.0,6740647.0,-11259353.0,-62.55196111111111
547,don't think twice,6.8,10485,83.0,,,,,
548,alice in wonderland,6.5,324898,53.0,alice in wonderland,200000000.0,1025468216.0,825468216.0,412.734108
549,chuck,6.8,391,68.0,,,,,
550,"i, daniel blake",7.9,22941,77.0,,,,,
551,the break-up,5.8,106381,45.0,the break-up,52000000.0,205668210.0,153668210.0,295.5157884615385
552,loving,7.1,17141,79.0,loving,9000000.0,12957265.0,3957265.0,43.96961111111112
553,fantastic four,4.3,121847,27.0,fantastic four,100000000.0,333535934.0,233535934.0,233.535934
553,fantastic four,4.3,121847,27.0,fantastic four,120000000.0,167882881.0,47882881.0,39.90240083333333
554,the survivalist,6.3,9187,80.0,,,,,
555,colonia,7.1,30074,33.0,,,,,
556,the boy next door,4.6,30180,30.0,the boy next door,4000000.0,52425855.0,48425855.0,1210.646375
557,the gift,7.1,96688,77.0,the gift,10000000.0,44567606.0,34567606.0,345.67606
557,the gift,7.1,96688,77.0,the gift,5000000.0,58980521.0,53980521.0,1079.61042
558,dracula untold,6.3,148504,40.0,dracula untold,70000000.0,217124280.0,147124280.0,210.17754285714284
559,in the heart of the sea,6.9,90372,47.0,in the heart of the sea,100000000.0,93920758.0,-6079242.0,-6.079242
560,idiocracy,6.6,115355,66.0,,,,,
561,the expendables,6.5,283282,45.0,the expendables,80000000.0,274470394.0,194470394.0,243.0879925
562,evil dead,6.5,133113,57.0,evil dead,17000000.0,97542952.0,80542952.0,473.7820705882353
563,sinister,6.8,171169,53.0,sinister,3000000.0,82515113.0,79515113.0,2650.5037666666667
564,wreck-it ralph,7.8,290559,72.0,wreck-it ralph,165000000.0,471222889.0,306222889.0,185.5896296969697
565,snow white and the huntsman,6.1,239772,57.0,snow white and the huntsman,170000000.0,396592829.0,226592829.0,133.2898994117647
566,pan,5.8,47804,36.0,pan,150000000.0,128388320.0,-21611680.0,-14.407786666666668
567,transformers: dark of the moon,6.3,338369,42.0,transformers: dark of the moon,195000000.0,1123794079.0,928794079.0,476.304655897436
568,juno,7.5,432461,81.0,juno,7500000.0,232372681.0,224872681.0,2998.3024133333333
569,a hologram for the king,6.1,26521,58.0,a hologram for the king,30000000.0,9169507.0,-20830493.0,-69.43497666666667
570,money monster,6.5,68654,55.0,money monster,27000000.0,93282604.0,66282604.0,245.491125925926
571,the other woman,6.0,110825,39.0,the other woman,40000000.0,196710396.0,156710396.0,391.77599
572,enchanted,7.1,150353,75.0,enchanted,85000000.0,340487836.0,255487836.0,300.57392470588235
573,the intern,7.1,159582,51.0,the intern,35000000.0,194564672.0,159564672.0,455.8990628571429
574,little miss sunshine,7.8,374044,80.0,little miss sunshine,8000000.0,101058954.0,93058954.0,1163.236925
575,bleed for this,6.8,11900,62.0,bleed for this,6000000.0,6698679.0,698679.0,11.64465
576,clash of the titans,5.8,238206,39.0,clash of the titans,15000000.0,41092328.0,26092328.0,173.94885333333335
576,clash of the titans,5.8,238206,39.0,clash of the titans,125000000.0,493214993.0,368214993.0,294.5719944
577,the finest hours,6.8,44425,58.0,the finest hours,80000000.0,52099090.0,-27900910.0,-34.8761375
578,tron,6.8,273959,49.0,tron,17000000.0,33000525.0,16000525.0,94.12073529411764
579,the hunger games: catching fire,7.6,525646,76.0,the hunger games: catching fire,130000000.0,865011746.0,735011746.0,565.3936507692308
580,all good things,6.3,44158,57.0,,,,,
581,kickboxer: vengeance,4.9,6809,37.0,,,,,
582,the last airbender,4.2,125129,20.0,the last airbender,150000000.0,319713881.0,169713881.0,113.14258733333334
583,sex tape,5.1,89885,36.0,sex tape,40000000.0,126069509.0,86069509.0,215.1737725
584,what to expect when you're expecting,5.7,60059,41.0,what to expect when you're expecting,40000000.0,84384002.0,44384002.0,110.960005
585,moneyball,7.6,297395,87.0,moneyball,50000000.0,110206216.0,60206216.0,120.412432
586,ghost rider,5.2,190673,35.0,ghost rider,110000000.0,228738393.0,118738393.0,107.94399363636364
587,unbroken,7.2,114006,59.0,unbroken,65000000.0,161459297.0,96459297.0,148.39891846153844
588,immortals,6.0,142900,46.0,immortals,75000000.0,226904017.0,151904017.0,202.5386893333333
589,sunshine,7.3,199860,64.0,,,,,
590,brave,7.2,293941,69.0,brave,185000000.0,538983207.0,353983207.0,191.3422740540541
591,män som hatar kvinnor,7.8,182074,76.0,,,,,
592,adoration,6.2,25208,37.0,,,,,
593,the drop,7.1,116118,69.0,the drop,12600000.0,18658381.0,6058381.0,48.082388888888886
594,she's the man,6.4,122864,45.0,she's the man,20000000.0,57194667.0,37194667.0,185.973335
595,daddy's home,6.1,68306,42.0,daddy's home,50000000.0,242786137.0,192786137.0,385.572274
596,let me in,7.2,97141,79.0,let me in,20000000.0,27093592.0,7093592.0,35.46796
597,never back down,6.6,84083,39.0,never back down,20000000.0,41627431.0,21627431.0,108.137155
598,grimsby,6.2,63408,44.0,,,,,
599,moon,7.9,277123,67.0,moon,5000000.0,9760107.0,4760107.0,95.20214
600,megamind,7.3,183926,63.0,megamind,130000000.0,321885765.0,191885765.0,147.6044346153846
601,gangster squad,6.7,181432,40.0,gangster squad,60000000.0,105200903.0,45200903.0,75.33483833333334
602,blood father,6.4,40357,66.0,,,,,
603,he's just not that into you,6.4,137684,47.0,he's just not that into you,40000000.0,178866158.0,138866158.0,347.165395
604,kung fu panda 3,7.2,89791,66.0,kung fu panda 3,145000000.0,521170825.0,376170825.0,259.4281551724138
605,the rise of the krays,5.1,1630,90.0,,,,,
608,horrible bosses,6.9,368556,57.0,horrible bosses,35000000.0,209838559.0,174838559.0,499.53874
609,mommy,8.1,33560,74.0,,,,,
610,hellboy ii: the golden army,7.0,216932,78.0,hellboy ii: the golden army,85000000.0,168319243.0,83319243.0,98.0226388235294
611,beautiful creatures,6.2,71822,52.0,beautiful creatures,60000000.0,60052138.0,52138.0,0.0868966666666666
612,toni erdmann,7.6,24387,93.0,,,,,
613,the lovely bones,6.7,130702,42.0,the lovely bones,65000000.0,93621340.0,28621340.0,44.03283076923077
614,the assassination of jesse james by the coward robert ford,7.5,143564,68.0,the assassination of jesse james by the coward robert ford,30000000.0,15001776.0,-14998224.0,-49.99408
615,don jon,6.6,199973,66.0,don jon,3000000.0,39439355.0,36439355.0,1214.645166666667
616,bastille day,6.3,21089,48.0,,,,,
617,2307: winter's dream,4.0,277,53.0,,,,,
619,mr. right,6.3,30053,52.0,mr. right,8000000.0,607595.0,-7392405.0,-92.4050625
620,the secret life of walter mitty,7.3,249877,54.0,the secret life of walter mitty,90000000.0,188133322.0,98133322.0,109.03702444444446
621,dope,7.3,66400,72.0,dope,7000000.0,17986781.0,10986781.0,156.9540142857143
622,underworld awakening,6.4,127157,39.0,,,,,
623,antichrist,6.6,94069,49.0,antichrist,11000000.0,7413863.0,-3586137.0,-32.60124545454545
624,friday the 13th,5.6,78631,34.0,friday the 13th,550000.0,39754601.0,39204601.0,7128.109272727272
624,friday the 13th,5.6,78631,34.0,friday the 13th,19000000.0,91509154.0,72509154.0,381.62712631578944
625,taken 3,6.0,144715,26.0,taken 3,48000000.0,326479141.0,278479141.0,580.1648770833333
626,total recall,6.3,210965,43.0,total recall,65000000.0,261317921.0,196317921.0,302.02757076923075
626,total recall,6.3,210965,43.0,total recall,125000000.0,198467168.0,73467168.0,58.7737344
627,x-men: the last stand,6.7,406540,58.0,x-men: the last stand,210000000.0,460435291.0,250435291.0,119.25490047619049
628,the escort,6.0,7181,46.0,,,,,
630,night at the museum: secret of the tomb,6.2,74886,47.0,night at the museum: secret of the tomb,127000000.0,363204635.0,236204635.0,185.9879015748032
631,love & other drugs,6.7,151519,55.0,love & other drugs,30000000.0,102820008.0,72820008.0,242.73336
632,the interview,6.6,261536,52.0,the interview,44000000.0,11782625.0,-32217375.0,-73.22130681818182
633,the host,7.0,73491,85.0,the host,40000000.0,63365859.0,23365859.0,58.41464750000001
634,megan is missing,4.9,6683,94.0,,,,,
636,knocked up,7.0,309398,85.0,knocked up,30000000.0,219922417.0,189922417.0,633.0747233333334
637,source code,7.5,404884,74.0,source code,32000000.0,147332697.0,115332697.0,360.414678125
638,lawless,7.3,195360,58.0,lawless,26000000.0,55404207.0,29404207.0,113.09310384615384
639,unfriended,5.6,50402,59.0,unfriended,1000000.0,62882090.0,61882090.0,6188.209
640,american reunion,6.7,178471,49.0,american reunion,50000000.0,234989584.0,184989584.0,369.979168
641,the pursuit of happyness,8.0,361105,64.0,the pursuit of happyness,55000000.0,307127625.0,252127625.0,458.41386363636366
642,relatos salvajes,8.1,110100,77.0,,,,,
643,the ridiculous 6,4.8,31149,18.0,,,,,
644,frantz,7.5,4304,73.0,,,,,
645,viral,5.5,3564,72.0,,,,,
647,burnt,6.6,76469,42.0,burnt,20000000.0,36606743.0,16606743.0,83.033715
648,tall men,3.2,173,57.0,,,,,
650,vampire academy,5.6,44111,30.0,vampire academy,30000000.0,15642346.0,-14357654.0,-47.858846666666665
651,sweeney todd: the demon barber of fleet street,7.4,296289,83.0,sweeney todd: the demon barber of fleet street,50000000.0,153383627.0,103383627.0,206.767254
652,solace,6.4,36300,36.0,,,,,
653,insidious,6.8,219916,52.0,insidious,1500000.0,99557032.0,98057032.0,6537.135466666667
654,popstar: never stop never stopping,6.7,30875,68.0,popstar: never stop never stopping,20000000.0,9680029.0,-10319971.0,-51.59985499999999
655,the levelling,6.4,482,82.0,,,,,
656,public enemies,7.0,240323,70.0,public enemies,100000000.0,214104620.0,114104620.0,114.10461999999998
657,boyhood,7.9,286722,100.0,boyhood,4000000.0,48137666.0,44137666.0,1103.44165
658,teenage mutant ninja turtles,5.9,178527,31.0,teenage mutant ninja turtles,13500000.0,201965915.0,188465915.0,1396.0438148148148
658,teenage mutant ninja turtles,5.9,178527,31.0,teenage mutant ninja turtles,125000000.0,485004754.0,360004754.0,288.0038032
659,eastern promises,7.7,198006,82.0,,,,,
660,the daughter,6.7,2798,62.0,,,,,
661,pineapple express,7.0,267872,64.0,pineapple express,27000000.0,101624843.0,74624843.0,276.3883074074074
662,the first time,6.9,54027,55.0,the first time,2000000.0,92654.0,-1907346.0,-95.3673
663,gone baby gone,7.7,206707,72.0,gone baby gone,19000000.0,34612443.0,15612443.0,82.17075263157895
664,the heat,6.6,140151,60.0,the heat,43000000.0,229930771.0,186930771.0,434.7227232558139
665,l'avenir,7.1,5796,88.0,,,,,
666,anna karenina,6.6,75291,63.0,anna karenina,35000000.0,858553.0,-34141447.0,-97.54699142857145
666,anna karenina,6.6,75291,63.0,anna karenina,40600000.0,68929150.0,28329150.0,69.77623152709359
667,regression,5.7,26320,32.0,,,,,
668,ted 2,6.3,136323,48.0,ted 2,68000000.0,215863606.0,147863606.0,217.44647941176476
669,pain & gain,6.5,168875,45.0,pain & gain,26000000.0,87305549.0,61305549.0,235.79057307692307
670,blood diamond,8.0,422014,64.0,blood diamond,100000000.0,171720398.0,71720398.0,71.720398
671,devil's knot,6.1,15514,42.0,,,,,
672,child 44,6.5,47703,41.0,child 44,50000000.0,12951093.0,-37048907.0,-74.097814
673,the hurt locker,7.6,352023,94.0,the hurt locker,15000000.0,49259766.0,34259766.0,228.39844
674,green lantern,5.6,231907,39.0,green lantern,200000000.0,219851172.0,19851172.0,9.925586
675,war on everyone,5.9,9285,50.0,,,,,
676,the mist,7.2,233346,58.0,the mist,18000000.0,57470220.0,39470220.0,219.279
677,escape plan,6.7,188004,49.0,escape plan,50000000.0,137328301.0,87328301.0,174.656602
678,"love, rosie",7.2,80415,44.0,,,,,
679,the duff,6.5,57874,56.0,the duff,8500000.0,43709744.0,35209744.0,414.2322823529412
680,the age of shadows,7.2,2403,78.0,,,,,
681,the hunger games: mockingjay - part 1,6.7,331902,64.0,the hunger games: mockingjay - part 1,125000000.0,755356711.0,630356711.0,504.2853688
682,we need to talk about kevin,7.5,104953,68.0,we need to talk about kevin,7000000.0,9232318.0,2232318.0,31.89025714285714
683,love & friendship,6.5,16164,87.0,love & friendship,3000000.0,21401949.0,18401949.0,613.3983
684,the mortal instruments: city of bones,5.9,112313,33.0,the mortal instruments: city of bones,60000000.0,95396573.0,35396573.0,58.99428833333333
685,seven pounds,7.7,245144,36.0,seven pounds,55000000.0,169748929.0,114748929.0,208.63441636363635
686,the king's speech,8.0,534388,88.0,the king's speech,15000000.0,427374317.0,412374317.0,2749.1621133333333
687,hunger,7.6,54486,82.0,,,,,
688,jumper,6.1,252503,35.0,jumper,85000000.0,225132113.0,140132113.0,164.86130941176472
689,toy story 3,8.3,586669,92.0,toy story 3,200000000.0,1066970811.0,866970811.0,433.4854055
690,tinker tailor soldier spy,7.1,157053,85.0,,,,,
691,resident evil: retribution,5.4,114144,39.0,resident evil: retribution,65000000.0,240159255.0,175159255.0,269.4757769230769
692,dear zindagi,7.8,23540,56.0,,,,,
694,pompeii,5.5,90188,39.0,pompeii,100000000.0,117831631.0,17831631.0,17.831631
695,life of pi,7.9,471109,79.0,life of pi,120000000.0,609016565.0,489016565.0,407.51380416666666
696,hachi: a dog's tale,8.1,177602,61.0,,,,,
698,i origins,7.3,86271,57.0,i origins,1000000.0,481234.0,-518766.0,-51.8766
699,live free or die hard,7.2,347567,69.0,live free or die hard,110000000.0,388156011.0,278156011.0,252.8691009090909
700,the matchbreaker,5.5,1427,44.0,,,,,
702,ted,7.0,494641,62.0,ted,50000000.0,549368315.0,499368315.0,998.73663
703,red,7.1,250012,60.0,red,58000000.0,199006387.0,141006387.0,243.1144603448276
704,australia,6.6,106115,53.0,australia,130000000.0,211787511.0,81787511.0,62.91347
705,faster,6.5,83788,44.0,faster,24000000.0,35626958.0,11626958.0,48.44565833333333
706,the neighbor,5.8,4754,60.0,,,,,
708,the hollars,6.5,5908,53.0,the hollars,3800000.0,1138609.0,-2661391.0,-70.0366052631579
709,the judge,7.4,146812,48.0,the judge,50000000.0,84419388.0,34419388.0,68.838776
710,closed circuit,6.2,18437,50.0,,,,,
711,transformers: revenge of the fallen,6.0,335757,35.0,transformers: revenge of the fallen,200000000.0,836303693.0,636303693.0,318.1518465
712,la tortue rouge,7.6,11482,86.0,,,,,
713,the book of life,7.3,50388,67.0,the book of life,50000000.0,99783556.0,49783556.0,99.567112
714,incendies,8.2,92863,80.0,incendies,6800000.0,7099598.0,299598.0,4.40585294117647
715,the heartbreak kid,5.8,74664,46.0,the heartbreak kid,60000000.0,128453183.0,68453183.0,114.08863833333334
716,happy feet,6.5,141141,77.0,happy feet,100000000.0,384336108.0,284336108.0,284.336108
717,entourage,6.6,64557,38.0,entourage,30000000.0,49263404.0,19263404.0,64.21134666666667
718,the strangers,6.2,96718,47.0,the strangers,9000000.0,82410456.0,73410456.0,815.6717333333333
719,noah,5.8,209700,68.0,noah,125000000.0,359200044.0,234200044.0,187.3600352
720,neighbors,6.4,236500,68.0,neighbors,8500000.0,29916207.0,21416207.0,251.95537647058825
720,neighbors,6.4,236500,68.0,neighbors,18000000.0,270665134.0,252665134.0,1403.6951888888889
721,nymphomaniac: vol. ii,6.7,65824,60.0,,,,,
722,wild,7.1,95553,76.0,wild,15000000.0,52501541.0,37501541.0,250.0102733333333
723,grown ups,6.0,190385,30.0,grown ups,80000000.0,271457301.0,191457301.0,239.32162625
724,blair witch,5.1,26088,47.0,blair witch,5000000.0,45173154.0,40173154.0,803.46308
725,the karate kid,6.2,127983,61.0,the karate kid,8000000.0,91119319.0,83119319.0,1038.9914875
725,the karate kid,6.2,127983,61.0,the karate kid,40000000.0,359126022.0,319126022.0,797.8150549999999
726,dark shadows,6.2,209326,55.0,dark shadows,150000000.0,245527149.0,95527149.0,63.684766
727,friends with benefits,6.6,286543,63.0,friends with benefits,35000000.0,149542245.0,114542245.0,327.2635571428571
728,the illusionist,7.6,309934,68.0,the illusionist,16500000.0,87892388.0,71392388.0,432.6811393939394
729,the a-team,6.8,219116,47.0,the a-team,110000000.0,177238796.0,67238796.0,61.12617818181818
730,the guest,6.7,71069,76.0,the guest,5000000.0,2700051.0,-2299949.0,-45.99898
731,the internship,6.3,166342,42.0,the internship,58000000.0,93492844.0,35492844.0,61.194558620689655
732,paul,7.0,201707,57.0,paul,40000000.0,97984015.0,57984015.0,144.9600375
733,this beautiful fantastic,6.9,688,51.0,,,,,
734,the da vinci code,6.6,338280,46.0,the da vinci code,125000000.0,760006945.0,635006945.0,508.005556
735,mr. church,7.7,16163,37.0,mr. church,8000000.0,685780.0,-7314220.0,-91.42775
736,hugo,7.5,259182,83.0,hugo,150000000.0,185770310.0,35770310.0,23.84687333333333
737,the blackcoat's daughter,5.6,4155,68.0,,,,,
738,body of lies,7.1,182305,57.0,body of lies,70000000.0,115900897.0,45900897.0,65.57271
739,knight of cups,5.7,17439,53.0,,,,,
740,the mummy: tomb of the dragon emperor,5.2,124554,31.0,the mummy: tomb of the dragon emperor,145000000.0,403449830.0,258449830.0,178.2412620689655
741,the boss,5.4,29642,40.0,,,,,
742,hands of stone,6.6,8998,54.0,hands of stone,20000000.0,4978353.0,-15021647.0,-75.10823500000001
743,el secreto de sus ojos,8.2,144524,80.0,,,,,
744,true grit,7.6,254904,80.0,true grit,38000000.0,252276927.0,214276927.0,563.88665
745,we are your friends,6.2,25903,46.0,we are your friends,2000000.0,11122090.0,9122090.0,456.1045
746,a million ways to die in the west,6.1,144779,44.0,a million ways to die in the west,40000000.0,87189756.0,47189756.0,117.97439
747,only for one night,4.6,313,60.0,,,,,
749,ouija: origin of evil,6.1,30035,65.0,ouija: origin of evil,9000000.0,81705746.0,72705746.0,807.8416222222222
750,percy jackson: sea of monsters,5.9,91684,39.0,percy jackson: sea of monsters,90000000.0,199850315.0,109850315.0,122.05590555555555
751,fracture,7.2,148943,68.0,,,,,
752,oculus,6.5,92875,61.0,oculus,5000000.0,44459951.0,39459951.0,789.19902
753,in bruges,7.9,322536,67.0,in bruges,15000000.0,34085749.0,19085749.0,127.23832666666664
754,this means war,6.3,154400,31.0,this means war,65000000.0,156491279.0,91491279.0,140.75581384615384
755,lída baarová,5.0,353,64.0,,,,,
757,lavender,5.2,2083,46.0,,,,,
758,deuces,6.6,256,36.0,,,,,
760,the fighter,7.8,290056,79.0,the fighter,25000000.0,129190869.0,104190869.0,416.763476
761,august rush,7.5,91229,38.0,august rush,30000000.0,66122026.0,36122026.0,120.40675333333331
762,chef,7.3,151970,68.0,chef,11000000.0,48428048.0,37428048.0,340.2549818181818
763,eye in the sky,7.3,57826,73.0,eye in the sky,13000000.0,35259653.0,22259653.0,171.22809999999998
764,eagle eye,6.6,156158,43.0,eagle eye,80000000.0,178767383.0,98767383.0,123.45922875
765,the purge,5.7,154588,41.0,the purge,3000000.0,89328627.0,86328627.0,2877.6209000000003
766,pk,8.2,103279,51.0,,,,,
768,indiana jones and the kingdom of the crystal skull,6.2,351361,65.0,indiana jones and the kingdom of the crystal skull,185000000.0,790653942.0,605653942.0,327.3805091891892
769,paper towns,6.3,72515,56.0,paper towns,12000000.0,85512300.0,73512300.0,612.6025000000001
770,high-rise,5.7,25928,65.0,,,,,
771,quantum of solace,6.6,347798,58.0,quantum of solace,200000000.0,589580482.0,389580482.0,194.790241
772,the assignment,4.5,2043,34.0,,,,,
773,how to train your dragon,8.1,523893,74.0,how to train your dragon,165000000.0,494879471.0,329879471.0,199.9269521212121
774,lady in the water,5.6,82701,36.0,lady in the water,70000000.0,72785169.0,2785169.0,3.978812857142857
775,the fountain,7.3,199193,51.0,the fountain,35000000.0,16468343.0,-18531657.0,-52.94759142857143
776,cars 2,6.2,110490,57.0,cars 2,200000000.0,559852396.0,359852396.0,179.926198
777,31,5.1,10871,35.0,31,1500000.0,850419.0,-649581.0,-43.3054
778,final girl,4.7,9026,56.0,,,,,
781,unknown,6.9,218679,56.0,unknown,30000000.0,135710029.0,105710029.0,352.3667633333333
782,self/less,6.5,67196,34.0,self/less,26000000.0,31807156.0,5807156.0,22.335215384615385
783,mr. brooks,7.3,128146,45.0,mr. brooks,20000000.0,48443734.0,28443734.0,142.21867
784,tramps,6.5,1031,77.0,,,,,
785,before we go,6.9,31370,31.0,,,,,
786,captain phillips,7.8,346154,83.0,captain phillips,55000000.0,218791811.0,163791811.0,297.8032927272727
787,the secret scripture,6.8,378,37.0,,,,,
788,max steel,4.6,11555,22.0,,,,,
789,hotel transylvania 2,6.7,69157,44.0,hotel transylvania 2,80000000.0,474800000.0,394800000.0,493.5
790,hancock,6.4,366138,49.0,hancock,150000000.0,629443428.0,479443428.0,319.628952
791,sisters,6.0,50241,58.0,sisters,30000000.0,105011053.0,75011053.0,250.0368433333333
792,the family,6.3,92868,42.0,the family,30000000.0,78418811.0,48418811.0,161.39603666666667
793,zack and miri make a porno,6.6,154936,56.0,zack and miri make a porno,24000000.0,42784344.0,18784344.0,78.26809999999999
794,ma vie de courgette,7.8,4370,85.0,,,,,
795,man on a ledge,6.6,129252,40.0,man on a ledge,42000000.0,47636031.0,5636031.0,13.41912142857143
796,no strings attached,6.2,178243,50.0,no strings attached,25000000.0,149228077.0,124228077.0,496.912308
797,rescue dawn,7.3,87887,77.0,rescue dawn,10000000.0,7177143.0,-2822857.0,-28.22857
798,despicable me 2,7.4,304837,62.0,despicable me 2,76000000.0,970766005.0,894766005.0,1177.3236907894736
799,a walk among the tombstones,6.5,93883,57.0,a walk among the tombstones,28000000.0,58834384.0,30834384.0,110.1228
800,the world's end,7.0,199813,81.0,the world's end,20000000.0,46091271.0,26091271.0,130.456355
801,yoga hosers,4.3,7091,23.0,,,,,
802,seven psychopaths,7.2,196652,66.0,seven psychopaths,15000000.0,32226382.0,17226382.0,114.84254666666666
803,beowulf,6.2,146566,59.0,beowulf,150000000.0,196393745.0,46393745.0,30.92916333333333
804,jack ryan: shadow recruit,6.2,103681,57.0,jack ryan: shadow recruit,60000000.0,135503748.0,75503748.0,125.83958
805,1408,6.8,221073,64.0,1408,25000000.0,132963417.0,107963417.0,431.853668
806,the gambler,6.0,52537,55.0,the gambler,25000000.0,39280992.0,14280992.0,57.123968000000005
807,prince of persia: the sands of time,6.6,233148,50.0,prince of persia: the sands of time,200000000.0,336365676.0,136365676.0,68.182838
808,the spectacular now,7.1,115751,82.0,the spectacular now,2500000.0,6918591.0,4418591.0,176.74364
809,a united kingdom,6.8,4771,65.0,a united kingdom,14000000.0,14459330.0,459330.0,3.2809285714285714
810,uss indianapolis: men of courage,5.2,4964,30.0,,,,,
811,turbo kid,6.7,19309,60.0,,,,,
812,mama,6.2,142560,57.0,mama,15000000.0,146428180.0,131428180.0,876.1878666666667
813,orphan,7.0,153448,42.0,,,,,
814,to rome with love,6.3,72050,54.0,,,,,
815,fantastic mr. fox,7.8,149779,83.0,fantastic mr. fox,40000000.0,46474181.0,6474181.0,16.1854525
816,inside man,7.6,285441,76.0,inside man,45000000.0,186003591.0,141003591.0,313.34131333333335
817,i.t.,5.4,8755,27.0,,,,,
818,127 hours,7.6,294010,82.0,127 hours,18000000.0,60738797.0,42738797.0,237.43776111111112
819,annabelle,5.4,91106,37.0,annabelle,6500000.0,257579282.0,251079282.0,3862.758184615384
820,wolves at the door,4.6,564,63.0,,,,,
822,the imaginarium of doctor parnassus,6.8,130153,65.0,the imaginarium of doctor parnassus,30000000.0,61808775.0,31808775.0,106.02925
823,g.i. joe: the rise of cobra,5.8,180105,32.0,g.i. joe: the rise of cobra,175000000.0,302469017.0,127469017.0,72.83943828571428
824,christine,7.0,5855,72.0,christine,9700000.0,21017849.0,11317849.0,116.6788556701031
825,man down,5.8,4779,27.0,,,,,
826,crawlspace,5.3,1427,25.0,,,,,
828,the warriors gate,5.3,1391,77.0,,,,,
830,disaster movie,1.9,77207,15.0,disaster movie,20000000.0,34816824.0,14816824.0,74.08412
831,rocky balboa,7.2,171356,63.0,rocky balboa,24000000.0,155929020.0,131929020.0,549.70425
832,diary of a wimpy kid: dog days,6.4,16917,54.0,diary of a wimpy kid: dog days,22000000.0,77229695.0,55229695.0,251.0440681818182
833,jane eyre,7.4,67464,76.0,,,,,
834,fool's gold,5.7,62719,29.0,fool's gold,70000000.0,111231041.0,41231041.0,58.90148714285714
835,the dictator,6.4,225394,58.0,the dictator,65000000.0,179379533.0,114379533.0,175.9685123076923
836,the loft,6.3,38804,24.0,the loft,14000000.0,11020402.0,-2979598.0,-21.28284285714286
837,bacalaureat,7.5,5531,84.0,,,,,
838,you don't mess with the zohan,5.5,163144,54.0,you don't mess with the zohan,90000000.0,204313400.0,114313400.0,127.0148888888889
839,exposed,4.2,8409,23.0,,,,,
840,maudie,7.8,346,60.0,,,,,
841,horrible bosses 2,6.3,125190,40.0,horrible bosses 2,42000000.0,107645357.0,65645357.0,156.29846904761905
842,a bigger splash,6.4,15232,74.0,,,,,
843,melancholia,7.1,137117,80.0,melancholia,7400000.0,17039814.0,9639814.0,130.26775675675674
844,the princess and the frog,7.1,95480,73.0,the princess and the frog,105000000.0,267045765.0,162045765.0,154.3293
845,unstoppable,6.8,157499,69.0,unstoppable,100000000.0,167805466.0,67805466.0,67.80546600000001
846,flight,7.3,276347,76.0,flight,31000000.0,161772375.0,130772375.0,421.846370967742
847,home,6.7,77447,55.0,home,135000000.0,386041607.0,251041607.0,185.95674592592596
848,la migliore offerta,7.8,77986,49.0,,,,,
849,mean dreams,6.3,1066,64.0,,,,,
850,42,7.5,69659,62.0,42,40000000.0,97470701.0,57470701.0,143.6767525
851,21,6.8,198395,48.0,21,35000000.0,159808370.0,124808370.0,356.59534285714284
852,begin again,7.4,111875,62.0,begin again,8000000.0,65652908.0,57652908.0,720.66135
853,out of the furnace,6.8,88829,63.0,out of the furnace,22000000.0,15661554.0,-6338446.0,-28.81111818181818
854,vicky cristina barcelona,7.1,208770,70.0,vicky cristina barcelona,15500000.0,96409300.0,80909300.0,521.9954838709677
855,kung fu panda,7.6,329788,73.0,kung fu panda,130000000.0,631746197.0,501746197.0,385.9586130769231
856,barbershop: the next cut,5.9,9993,67.0,,,,,
857,terminator salvation,6.6,297093,49.0,terminator salvation,200000000.0,371353001.0,171353001.0,85.6765005
858,freedom writers,7.5,55648,64.0,freedom writers,21000000.0,43095175.0,22095175.0,105.21511904761904
859,the hills have eyes,6.4,136642,52.0,the hills have eyes,15000000.0,70009308.0,55009308.0,366.72872
860,changeling,7.8,206793,63.0,changeling,55000000.0,113398237.0,58398237.0,106.17861272727274
861,remember me,7.2,119376,40.0,remember me,16000000.0,56032889.0,40032889.0,250.20555625
862,koe no katachi,8.4,2421,80.0,,,,,
863,"alexander and the terrible, horrible, no good, very bad day",6.2,32310,54.0,"alexander and the terrible, horrible, no good, very bad day",28000000.0,100654149.0,72654149.0,259.47910357142854
864,locke,7.1,100890,81.0,locke,2000000.0,5090608.0,3090608.0,154.5304
865,the 9th life of louis drax,6.3,6175,41.0,,,,,
866,horns,6.5,61060,46.0,,,,,
867,indignation,6.9,7402,78.0,,,,,
868,the stanford prison experiment,6.9,20907,67.0,,,,,
869,diary of a wimpy kid: rodrick rules,6.6,20194,51.0,diary of a wimpy kid: rodrick rules,21000000.0,72526996.0,51526996.0,245.3666476190476
870,mission: impossible iii,6.9,270429,66.0,mission: impossible iii,150000000.0,398479497.0,248479497.0,165.652998
871,en man som heter ove,7.7,21569,70.0,,,,,
872,dragonball evolution,2.7,59512,45.0,dragonball evolution,30000000.0,55720772.0,25720772.0,85.73590666666666
873,red dawn,5.4,64584,31.0,red dawn,17000000.0,38376497.0,21376497.0,125.7441
873,red dawn,5.4,64584,31.0,red dawn,65000000.0,50950296.0,-14049704.0,-21.61492923076923
874,one day,7.0,113599,48.0,one day,15000000.0,59389433.0,44389433.0,295.92955333333333
875,life as we know it,6.6,101301,39.0,life as we know it,38000000.0,105734416.0,67734416.0,178.24846315789472
876,28 weeks later,7.0,221858,78.0,28 weeks later,15000000.0,65048678.0,50048678.0,333.6578533333333
877,warm bodies,6.9,193579,59.0,warm bodies,35000000.0,116980662.0,81980662.0,234.23046285714287
878,blue jasmine,7.3,160592,78.0,blue jasmine,18000000.0,99104804.0,81104804.0,450.5822444444444
879,g.i. joe: retaliation,5.8,152145,41.0,g.i. joe: retaliation,130000000.0,375740705.0,245740705.0,189.03131153846152
880,wrath of the titans,5.8,159230,37.0,wrath of the titans,150000000.0,301970083.0,151970083.0,101.31338866666664
881,shin gojira,6.9,8365,68.0,,,,,
882,saving mr. banks,7.5,125693,65.0,saving mr. banks,35000000.0,117867984.0,82867984.0,236.76566857142856
883,transcendence,6.3,184564,42.0,transcendence,100000000.0,103039258.0,3039258.0,3.039258
884,rio,6.9,173919,63.0,rio,90000000.0,483866518.0,393866518.0,437.6294644444444
885,equals,6.1,16361,43.0,equals,16000000.0,2084628.0,-13915372.0,-86.971075
886,babel,7.5,253417,69.0,babel,25000000.0,135330182.0,110330182.0,441.320728
887,the tree of life,6.8,143517,85.0,the tree of life,32000000.0,58409247.0,26409247.0,82.528896875
888,the lucky one,6.5,82874,39.0,the lucky one,25000000.0,99357138.0,74357138.0,297.428552
889,piranha 3d,5.5,75262,53.0,piranha 3d,24000000.0,83188165.0,59188165.0,246.61735416666664
890,50/50,7.7,281625,72.0,50/50,8000000.0,41097853.0,33097853.0,413.7231625
891,the intent,3.5,202,59.0,,,,,
893,real steel,7.1,264480,56.0,real steel,110000000.0,299268508.0,189268508.0,172.06228
894,sex and the city,5.5,102547,53.0,sex and the city,65000000.0,418765519.0,353765519.0,544.2546446153847
895,rambo,7.1,187077,46.0,rambo,50000000.0,113244290.0,63244290.0,126.48858
896,planet terror,7.1,174553,55.0,,,,,
898,the fall,7.9,93036,64.0,the fall,30000000.0,3669465.0,-26330535.0,-87.76845
899,the ugly truth,6.5,172558,28.0,the ugly truth,38000000.0,321682600.0,283682600.0,746.5331578947369
900,bride wars,5.5,83976,24.0,bride wars,30000000.0,115375850.0,85375850.0,284.58616666666666
901,sleeping with other people,6.5,27730,64.0,,,,,
902,snakes on a plane,5.6,118905,58.0,snakes on a plane,33000000.0,62022014.0,29022014.0,87.94549696969696
903,what if,6.8,55243,59.0,what if,11000000.0,8526288.0,-2473712.0,-22.488290909090907
904,how to train your dragon 2,7.9,237565,76.0,how to train your dragon 2,145000000.0,621537519.0,476537519.0,328.6465648275862
905,robocop,6.2,190833,52.0,robocop,13000000.0,53424681.0,40424681.0,310.9590846153846
905,robocop,6.2,190833,52.0,robocop,100000000.0,242688965.0,142688965.0,142.688965
906,in dubious battle,6.2,1455,43.0,,,,,
907,"hello, my name is doris",6.7,12361,63.0,"hello, my name is doris",1000000.0,14659448.0,13659448.0,1365.9448
908,ocean's thirteen,6.9,269581,62.0,ocean's thirteen,85000000.0,311312624.0,226312624.0,266.25014588235297
909,slither,6.5,64351,69.0,slither,15000000.0,12834936.0,-2165064.0,-14.43376
910,contagion,6.6,187004,70.0,contagion,60000000.0,136515867.0,76515867.0,127.526445
911,il racconto dei racconti - tale of tales,6.4,17565,72.0,,,,,
912,i am the pretty thing that lives in the house,4.7,4204,68.0,,,,,
913,bridge to terabithia,7.2,117297,74.0,bridge to terabithia,17000000.0,137587063.0,120587063.0,709.3356647058823
914,coherence,7.2,66265,65.0,coherence,50000.0,139745.0,89745.0,179.48999999999998
915,notorious,6.7,33007,60.0,notorious,20000000.0,44420167.0,24420167.0,122.100835
916,goksung,7.5,17962,81.0,,,,,
917,the expendables 2,6.6,257395,51.0,the expendables 2,100000000.0,314975955.0,214975955.0,214.97595500000003
918,the girl next door,6.7,19351,29.0,the girl next door,25000000.0,30381722.0,5381722.0,21.526888
919,perfume: the story of a murderer,7.5,199387,56.0,perfume: the story of a murderer,60000000.0,135039924.0,75039924.0,125.06654
920,the golden compass,6.1,155078,51.0,the golden compass,180000000.0,372234864.0,192234864.0,106.79714666666666
921,centurion,6.4,67801,62.0,centurion,12000000.0,6890432.0,-5109568.0,-42.57973333333334
922,scouts guide to the zombie apocalypse,6.3,31651,32.0,scouts guide to the zombie apocalypse,15000000.0,16137046.0,1137046.0,7.580306666666667
923,17 again,6.4,152808,48.0,17 again,20000000.0,136316880.0,116316880.0,581.5844000000001
924,no escape,6.8,57921,38.0,no escape,20000000.0,15339030.0,-4660970.0,-23.30485
924,no escape,6.8,57921,38.0,no escape,16200000.0,54418872.0,38218872.0,235.91896296296292
925,superman returns,6.1,246797,72.0,superman returns,270000000.0,391081192.0,121081192.0,44.84488592592592
926,the twilight saga: breaking dawn - part 1,4.9,190244,45.0,the twilight saga: breaking dawn - part 1,110000000.0,712205856.0,602205856.0,547.4598690909091
927,precious,7.3,91623,79.0,precious,10000000.0,63649529.0,53649529.0,536.49529
928,the sea of trees,5.9,7475,23.0,the sea of trees,25000000.0,906995.0,-24093005.0,-96.37202
929,good kids,6.1,3843,86.0,,,,,
931,footloose,5.9,39380,58.0,footloose,8200000.0,80039064.0,71839064.0,876.0861463414635
931,footloose,5.9,39380,58.0,footloose,24000000.0,63543328.0,39543328.0,164.76386666666667
932,if i stay,6.8,92170,46.0,if i stay,11000000.0,78274843.0,67274843.0,611.5894818181819
933,the ticket,5.4,924,52.0,,,,,
934,detour,6.3,2205,46.0,,,,,
935,the love witch,6.2,4669,82.0,,,,,
936,talladega nights: the ballad of ricky bobby,6.6,137502,66.0,talladega nights: the ballad of ricky bobby,72500000.0,163362095.0,90862095.0,125.32702758620692
937,the human centipede (first sequence),4.4,60655,33.0,,,,,
938,super,6.8,64535,50.0,super,2500000.0,422618.0,-2077382.0,-83.09528
939,the siege of jadotville,7.3,14689,83.0,,,,,
941,the midnight meat train,6.1,50255,58.0,the midnight meat train,15000000.0,3534313.0,-11465687.0,-76.43791333333333
942,the twilight saga: eclipse,4.9,192740,58.0,the twilight saga: eclipse,68000000.0,698491347.0,630491347.0,927.1931573529412
943,transpecos,5.8,1292,73.0,,,,,
944,what's your number?,6.1,62095,35.0,what's your number?,20000000.0,30426096.0,10426096.0,52.13048
945,riddick,6.4,132098,49.0,riddick,38000000.0,98337295.0,60337295.0,158.78235526315788
946,triangle,6.9,72533,66.0,,,,,
948,king cobra,5.6,3990,48.0,,,,,
949,after earth,4.9,166512,33.0,after earth,130000000.0,243611982.0,113611982.0,87.3938323076923
950,kicks,6.1,2417,69.0,,,,,
951,me and earl and the dying girl,7.8,92076,74.0,me and earl and the dying girl,8000000.0,9074749.0,1074749.0,13.4343625
952,the descendants,7.3,211348,84.0,the descendants,20000000.0,177243185.0,157243185.0,786.2159250000001
953,sex and the city 2,4.3,62403,27.0,sex and the city 2,100000000.0,290745055.0,190745055.0,190.745055
954,the kings of summer,7.2,65653,61.0,,,,,
955,death race,6.4,173731,43.0,death race,45000000.0,76014335.0,31014335.0,68.92074444444445
956,that awkward moment,6.2,81823,36.0,that awkward moment,8000000.0,45640143.0,37640143.0,470.5017875
957,legion,5.2,84158,32.0,legion,26000000.0,67918658.0,41918658.0,161.2256076923077
958,end of watch,7.7,192190,68.0,end of watch,7000000.0,55078146.0,48078146.0,686.8306571428571
959,3 days to kill,6.2,73567,40.0,3 days to kill,28000000.0,53260230.0,25260230.0,90.21510714285714
960,lucky number slevin,7.8,271940,53.0,lucky number slevin,27000000.0,56308881.0,29308881.0,108.55141111111112
961,trance,7.0,97141,61.0,trance,20000000.0,24261569.0,4261569.0,21.307845
962,into the forest,5.9,10220,59.0,,,,,
963,the other boleyn girl,6.7,88260,50.0,the other boleyn girl,35000000.0,78201830.0,43201830.0,123.4338
964,i spit on your grave,6.3,60133,27.0,i spit on your grave,2000000.0,1278650.0,-721350.0,-36.0675
965,custody,6.9,280,72.0,,,,,
967,l'odyssée,6.7,1810,70.0,,,,,
969,wrecker,3.5,1210,37.0,,,,,
971,texas chainsaw 3d,4.8,37060,62.0,,,,,
973,rock of ages,5.9,64513,47.0,rock of ages,75000000.0,59418613.0,-15581387.0,-20.775182666666662
974,scream 4,6.2,108544,52.0,scream 4,40000000.0,97231420.0,57231420.0,143.07855
975,queen of katwe,7.4,6753,73.0,,,,,
976,my big fat greek wedding 2,6.0,20966,37.0,my big fat greek wedding 2,18000000.0,90632641.0,72632641.0,403.5146722222223
977,dark places,6.2,31634,39.0,,,,,
978,amateur night,5.0,2229,38.0,,,,,
979,it's only the end of the world,7.0,10658,48.0,,,,,
980,the skin i live in,7.6,108772,70.0,,,,,
981,miracles from heaven,7.0,12048,44.0,miracles from heaven,13000000.0,73983003.0,60983003.0,469.1000230769231
982,annie,5.3,27312,33.0,annie,50000000.0,57063861.0,7063861.0,14.127722
982,annie,5.3,27312,33.0,annie,65000000.0,136853506.0,71853506.0,110.54385538461536
983,across the universe,7.4,95172,56.0,across the universe,45000000.0,29625761.0,-15374239.0,-34.16497555555556
984,let's be cops,6.5,112729,30.0,let's be cops,17000000.0,138224951.0,121224951.0,713.0879470588235
985,max,6.8,21405,47.0,,,,,
986,your highness,5.6,87904,31.0,your highness,49900000.0,28013733.0,-21886267.0,-43.860254509018034
987,final destination 5,5.9,88000,50.0,final destination 5,40000000.0,157887643.0,117887643.0,294.7191075
988,endless love,6.3,33688,30.0,endless love,20000000.0,34718173.0,14718173.0,73.59086500000001
989,martyrs,7.1,63785,89.0,,,,,
991,underworld: rise of the lycans,6.6,129708,44.0,underworld: rise of the lycans,35000000.0,92158961.0,57158961.0,163.31131714285715
992,taare zameen par,8.5,102697,42.0,,,,,
994,resident evil: afterlife,5.9,140900,37.0,resident evil: afterlife,60000000.0,300228084.0,240228084.0,400.38014
995,project x,6.7,164088,48.0,project x,18000000.0,21589395.0,3589395.0,19.94108333333333
995,project x,6.7,164088,48.0,project x,12000000.0,102731865.0,90731865.0,756.098875
996,secret in their eyes,6.2,27585,45.0,secret in their eyes,19500000.0,34854990.0,15354990.0,78.74353846153846
997,hostel: part ii,5.5,73152,46.0,hostel: part ii,10200000.0,35728183.0,25528183.0,250.2763039215686
998,step up 2: the streets,6.2,70699,50.0,step up 2: the streets,17500000.0,150988382.0,133488382.0,762.7907542857142
999,search party,5.6,4881,22.0,,,,,
1000,nine lives,5.3,12435,11.0,,,,,
