id,title,year,director,rating,votes,metascore,budget,gross,profit,roi
0,guardians of the galaxy,2014,james gunn,8.1,757074,76.0,170000000.0,773350147.0,603350147.0,354.9118511764706
1,prometheus,2012,ridley scott,7.0,485820,65.0,130000000.0,403354469.0,273354469.0,210.27266846153844
2,split,2016,m. night shyamalan,7.3,157606,62.0,9000000.0,278454417.0,269454417.0,2993.937966666667
3,sing,2016,christophe lourdelet,7.2,60545,59.0,,,,
4,suicide squad,2016,david ayer,6.2,393727,40.0,175000000.0,746846894.0,571846894.0,326.7696537142857
5,the great wall,2016,yimou zhang,6.1,56036,42.0,150000000.0,334933831.0,184933831.0,123.28922066666668
6,la la land,2016,damien chazelle,8.3,258682,93.0,30000000.0,448906865.0,418906865.0,1396.3562166666666
7,mindhorn,2016,sean foley,6.4,2490,71.0,,,,
8,the lost city of z,2016,james gray,7.1,7188,78.0,30000000.0,19263938.0,-10736062.0,-35.78687333333333
9,passengers,2016,morten tyldum,7.0,192177,41.0,110000000.0,303144152.0,193144152.0,175.5855927272727
10,fantastic beasts and where to find them,2016,david yates,7.5,232072,66.0,180000000.0,814044001.0,634044001.0,352.24666722222224
11,hidden figures,2016,theodore melfi,7.8,93103,74.0,25000000.0,236225193.0,211225193.0,844.9007720000001
12,rogue one,2016,gareth edwards,7.9,323118,65.0,,,,
13,moana,2016,ron clements,7.7,118151,81.0,,,,
14,colossal,2016,nacho vigalondo,6.4,8612,70.0,15000000.0,4531320.0,-10468680.0,-69.7912
15,the secret life of pets,2016,chris renaud,6.6,120259,61.0,75000000.0,875458631.0,800458631.0,1067.2781746666667
16,hacksaw ridge,2016,mel gibson,8.2,211760,71.0,40000000.0,180563636.0,140563636.0,351.40909
17,jason bourne,2016,paul greengrass,6.7,150823,58.0,120000000.0,415484914.0,295484914.0,246.23742833333333
18,lion,2016,garth davis,8.1,102061,69.0,12000000.0,140853810.0,128853810.0,1073.78175
19,arrival,2016,denis villeneuve,8.0,340798,81.0,47000000.0,203388186.0,156388186.0,332.74082127659574
20,gold,2016,stephen gaghan,6.7,19053,49.0,20000000.0,14880939.0,-5119061.0,-25.595305000000003
21,manchester by the sea,2016,kenneth lonergan,7.9,134213,96.0,9000000.0,78988148.0,69988148.0,777.6460888888889
22,hounds of love,2016,ben young,6.7,1115,72.0,,,,
23,trolls,2016,walt dohrn,6.5,38552,56.0,,,,
24,independence day: resurgence,2016,roland emmerich,5.3,127553,32.0,165000000.0,389681935.0,224681935.0,136.1708696969697
25,bad moms,2016,jon lucas,6.2,66540,60.0,20000000.0,183936074.0,163936074.0,819.68037
26,assassin's creed,2016,justin kurzel,5.9,112813,36.0,125000000.0,240697856.0,115697856.0,92.5582848
27,why him?,2016,john hamburg,6.3,48123,39.0,38000000.0,118102725.0,80102725.0,210.79664473684213
28,nocturnal animals,2016,tom ford,7.5,126030,67.0,22500000.0,30311857.0,7811857.0,34.719364444444444
29,x-men: apocalypse,2016,bryan singer,7.1,275510,52.0,178000000.0,543934105.0,365934105.0,205.58095786516853
30,deadpool,2016,tim miller,8.0,627797,65.0,58000000.0,782836791.0,724836791.0,1249.7186051724136
31,resident evil: the final chapter,2016,paul w.s. anderson,5.6,46165,49.0,40000000.0,312242626.0,272242626.0,680.6065649999999
32,captain america: civil war,2016,anthony russo,7.9,411656,75.0,250000000.0,1153337496.0,903337496.0,361.3349984
33,interstellar,2014,christopher nolan,8.6,1047747,74.0,165000000.0,701729206.0,536729206.0,325.29042787878785
34,doctor strange,2016,scott derrickson,7.6,293732,72.0,165000000.0,677796076.0,512796076.0,310.7855006060606
35,the magnificent seven,2016,antoine fuqua,6.9,122853,54.0,90000000.0,162360636.0,72360636.0,80.40070666666666
36,sausage party,2016,greg tiernan,6.3,120690,66.0,19000000.0,140705322.0,121705322.0,640.5543263157895
37,moonlight,2016,barry jenkins,7.5,135095,99.0,4000000.0,65336603.0,61336603.0,1533.415075
38,the founder,2016,john lee hancock,7.2,37033,66.0,25000000.0,24121245.0,-878755.0,-3.51502
39,lowriders,2016,ricardo de montreuil,6.3,279,57.0,,,,
40,pirates of the caribbean: on stranger tides,2011,rob marshall,6.7,395025,45.0,250000000.0,1045713802.0,795713802.0,318.2855208
41,miss sloane,2016,john madden,7.3,17818,64.0,13000000.0,9101546.0,-3898454.0,-29.988107692307693
42,star trek beyond,2016,justin lin,7.1,164567,68.0,185000000.0,343471816.0,158471816.0,85.66044108108109
43,the last face,2016,sean penn,3.7,987,16.0,,,,
44,star wars: episode vii - the force awakens,2015,j.j. abrams,8.1,661608,81.0,245000000.0,2069521700.0,1824521700.0,744.7027346938776
45,underworld: blood wars,2016,anna foerster,5.8,41362,23.0,35000000.0,81093313.0,46093313.0,131.69518
46,mother's day,2016,garry marshall,5.6,20221,18.0,25000000.0,48782670.0,23782670.0,95.13068
47,john wick,2014,chad stahelski,7.2,321933,68.0,20000000.0,86081711.0,66081711.0,330.408555
48,the dark knight,2008,christopher nolan,9.0,1791916,82.0,185000000.0,1005973645.0,820973645.0,443.7695378378378
49,silence,2016,martin scorsese,7.3,49190,79.0,46000000.0,23834809.0,-22165191.0,-48.18519782608696
50,don't breathe,2016,fede alvarez,7.2,121103,71.0,9900000.0,157830487.0,147930487.0,1494.2473434343433
51,me before you,2016,thea sharrock,7.4,113322,51.0,20000000.0,208314186.0,188314186.0,941.57093
52,their finest,2016,lone scherfig,7.0,3739,76.0,,,,
53,sully,2016,clint eastwood,7.5,137608,74.0,60000000.0,240797623.0,180797623.0,301.32937166666665
54,batman v superman: dawn of justice,2016,zack snyder,6.7,472307,44.0,250000000.0,873637528.0,623637528.0,249.45501120000003
55,the autopsy of jane doe,2016,andré øvredal,6.8,35870,65.0,,,,
56,the girl on the train,2016,tate taylor,6.5,102177,48.0,45000000.0,173185859.0,128185859.0,284.8574644444445
57,fifty shades of grey,2015,sam taylor-johnson,4.1,244474,46.0,40000000.0,569651467.0,529651467.0,1324.1286675
58,the prestige,2006,christopher nolan,8.5,913152,66.0,40000000.0,109676311.0,69676311.0,174.1907775
59,kingsman: the secret service,2014,matthew vaughn,7.7,440209,58.0,81000000.0,414351546.0,333351546.0,411.54511851851856
60,patriots day,2016,peter berg,7.4,39784,69.0,45000000.0,52185751.0,7185751.0,15.968335555555557
61,mad max: fury road,2015,george miller,8.1,632842,90.0,150000000.0,375658750.0,225658750.0,150.4391666666667
62,wakefield,2016,robin swicord,7.5,291,61.0,,,,
63,deepwater horizon,2016,peter berg,7.2,89849,68.0,110000000.0,121790373.0,11790373.0,10.718520909090907
64,the promise,2016,terry george,5.9,149791,49.0,,,,
65,allied,2016,robert zemeckis,7.1,78079,60.0,85000000.0,119520023.0,34520023.0,40.611791764705885
66,a monster calls,2016,j.a. bayona,7.5,39134,76.0,43000000.0,47309313.0,4309313.0,10.021658139534884
67,collateral beauty,2016,david frankel,6.8,43977,23.0,36000000.0,88528280.0,52528280.0,145.91188888888888
68,zootopia,2016,byron howard,8.1,296853,78.0,150000000.0,1024121104.0,874121104.0,582.7474026666666
69,pirates of the caribbean: at world's end,2007,gore verbinski,7.1,498821,50.0,300000000.0,960996492.0,660996492.0,220.332164
70,the avengers,2012,joss whedon,8.1,1045588,69.0,220000000.0,1518815515.0,1298815515.0,590.3706886363636
71,inglourious basterds,2009,quentin tarantino,8.3,959065,69.0,70000000.0,321457747.0,251457747.0,359.22535285714287
72,pirates of the caribbean: dead man's chest,2006,gore verbinski,7.3,552027,53.0,225000000.0,1066179747.0,841179747.0,373.8576653333333
73,ghostbusters,2016,paul feig,5.3,147717,60.0,144000000.0,229147509.0,85147509.0,59.13021458333333
74,inception,2010,christopher nolan,8.8,1583625,74.0,160000000.0,836836967.0,676836967.0,423.023104375
75,captain fantastic,2016,matt ross,7.9,105081,72.0,5000000.0,23123592.0,18123592.0,362.47184
76,the wolf of wall street,2013,martin scorsese,8.2,865134,75.0,100000000.0,392000694.0,292000694.0,292.000694
77,gone girl,2014,david fincher,8.1,636243,79.0,61000000.0,369330363.0,308330363.0,505.4596114754099
78,furious seven,2015,james wan,7.2,301249,67.0,,,,
79,jurassic world,2015,colin trevorrow,7.0,455169,59.0,150000000.0,1670516444.0,1520516444.0,1013.6776293333334
80,live by night,2016,ben affleck,6.4,27869,49.0,108000000.0,22678555.0,-85321445.0,-79.00133796296296
81,avatar,2009,james cameron,7.8,935408,83.0,237000000.0,2847246203.0,2610246203.0,1101.3697059071728
82,the hateful eight,2015,quentin tarantino,7.8,341170,68.0,44000000.0,156480177.0,112480177.0,255.6367659090909
83,the accountant,2016,gavin o'connor,7.4,162122,51.0,44000000.0,155160045.0,111160045.0,252.6364659090909
84,prisoners,2013,denis villeneuve,8.1,431185,74.0,46000000.0,122126687.0,76126687.0,165.49279782608696
85,warcraft,2016,duncan jones,7.0,187547,32.0,160000000.0,439048914.0,279048914.0,174.40557125
86,the help,2011,tate taylor,8.1,342429,62.0,25000000.0,216639112.0,191639112.0,766.5564479999999
87,war dogs,2016,todd phillips,7.1,106463,57.0,40000000.0,86234523.0,46234523.0,115.5863075
88,avengers: age of ultron,2015,joss whedon,7.4,516895,66.0,250000000.0,1402809540.0,1152809540.0,461.123816
89,the nice guys,2016,shane black,7.4,175067,70.0,50000000.0,62788218.0,12788218.0,25.576436
90,kimi no na wa,2016,makoto shinkai,8.6,34110,79.0,,,,
91,the void,2016,jeremy gillespie,5.8,9247,62.0,,,,
92,personal shopper,2016,olivier assayas,6.3,10181,77.0,6000000.0,2840408.0,-3159592.0,-52.659866666666666
93,the departed,2006,martin scorsese,8.5,937414,85.0,90000000.0,291465373.0,201465373.0,223.85041444444445
94,legend,2015,brian helgeland,7.0,108836,55.0,30000000.0,42972994.0,12972994.0,43.24331333333333
95,thor,2011,kenneth branagh,7.0,570814,57.0,150000000.0,449326618.0,299326618.0,199.55107866666663
96,the martian,2015,ridley scott,8.0,556097,80.0,108000000.0,630162448.0,522162448.0,483.48374814814815
97,the man from u.n.c.l.e.,2015,guy ritchie,7.3,202973,56.0,75000000.0,107045109.0,32045109.0,42.726812
98,hell or high water,2016,david mackenzie,7.7,115546,88.0,12000000.0,37879877.0,25879877.0,215.6656416666667
99,the comedian,2016,taylor hackford,5.4,1954,40.0,,,,
100,the legend of tarzan,2016,david yates,6.3,117590,44.0,180000000.0,356700357.0,176700357.0,98.166865
101,all we had,2016,katie holmes,5.8,1004,48.0,,,,
102,ex machina,2014,alex garland,7.7,339797,78.0,15000000.0,36869414.0,21869414.0,145.79609333333337
103,the belko experiment,2016,greg mclean,6.3,3712,44.0,5000000.0,11084630.0,6084630.0,121.6926
104,12 years a slave,2013,steve mcqueen,8.1,486338,96.0,20000000.0,187733202.0,167733202.0,838.66601
105,the bad batch,2016,ana lily amirpour,6.1,512,65.0,6000000.0,201890.0,-5798110.0,-96.63516666666668
106,300,2006,zack snyder,7.7,637104,52.0,65000000.0,456068181.0,391068181.0,601.6433553846153
107,harry potter and the deathly hallows: part 2,2011,david yates,8.1,590595,87.0,125000000.0,1342321665.0,1217321665.0,973.857332
108,office christmas party,2016,josh gordon,5.8,30761,42.0,45000000.0,114501299.0,69501299.0,154.4473311111111
109,the neon demon,2016,nicolas winding refn,6.2,50359,51.0,7000000.0,3377430.0,-3622570.0,-51.751000000000005
110,10 cloverfield lane,2016,dan trachtenberg,7.2,192968,76.0,15000000.0,110216998.0,95216998.0,634.7799866666667
111,finding dory,2016,andrew stanton,7.4,157026,77.0,200000000.0,1028570942.0,828570942.0,414.285471
112,miss peregrine's home for peculiar children,2016,tim burton,6.7,101058,57.0,110000000.0,296482446.0,186482446.0,169.52949636363635
113,divergent,2014,neil burger,6.7,362093,48.0,85000000.0,288885818.0,203885818.0,239.86566823529407
114,mike and dave need wedding dates,2016,jake szymanski,6.0,53183,51.0,33000000.0,77068246.0,44068246.0,133.54013939393937
115,the dark knight rises,2012,christopher nolan,8.5,1222645,78.0,250000000.0,1081142612.0,831142612.0,332.4570448
116,the jungle book,2016,jon favreau,7.5,198243,77.0,175000000.0,966554929.0,791554929.0,452.3171022857143
117,transformers: age of extinction,2014,michael bay,5.7,255483,32.0,210000000.0,1104054072.0,894054072.0,425.74003428571433
118,nerve,2016,henry joost,6.6,69651,58.0,19000000.0,85251425.0,66251425.0,348.6917105263158
119,mamma mia!,2008,phyllida lloyd,6.4,153481,51.0,52000000.0,611257819.0,559257819.0,1075.4958057692309
120,the revenant,2015,alejandro gonzález iñárritu,8.0,499424,76.0,,,,
121,fences,2016,denzel washington,7.3,50953,79.0,24000000.0,64414761.0,40414761.0,168.3948375
122,into the woods,2014,rob marshall,6.0,109756,69.0,50000000.0,212902372.0,162902372.0,325.804744
123,the shallows,2016,jaume collet-serra,6.4,78328,59.0,17000000.0,119100758.0,102100758.0,600.592694117647
124,whiplash,2014,damien chazelle,8.5,477276,88.0,3300000.0,49396747.0,46096747.0,1396.8711212121211
125,furious 6,2013,justin lin,7.1,318051,61.0,,,,
126,the place beyond the pines,2012,derek cianfrance,7.3,200090,68.0,15000000.0,47052899.0,32052899.0,213.6859933333333
127,no country for old men,2007,ethan coen,8.1,660286,91.0,25000000.0,171627166.0,146627166.0,586.5086640000001
128,the great gatsby,2013,baz luhrmann,7.3,386102,55.0,105000000.0,353642274.0,248642274.0,236.8021657142857
129,shutter island,2010,martin scorsese,8.1,855604,63.0,80000000.0,294805697.0,214805697.0,268.50712125
130,brimstone,2016,martin koolhoven,7.1,13004,44.0,,,,
131,star trek,2009,j.j. abrams,8.0,526324,82.0,150000000.0,385680446.0,235680446.0,157.12029733333333
132,diary of a wimpy kid,2010,thor freudenthal,6.2,34184,56.0,15000000.0,76196538.0,61196538.0,407.97692
133,the big short,2015,adam mckay,7.8,246360,81.0,28000000.0,133440870.0,105440870.0,376.5745357142857
134,room,2015,lenny abrahamson,8.2,224132,86.0,13000000.0,35401758.0,22401758.0,172.3212153846154
135,django unchained,2012,quentin tarantino,8.4,1039115,81.0,100000000.0,426074373.0,326074373.0,326.07437300000004
136,ah-ga-ssi,2016,chan-wook park,8.1,33418,84.0,,,,
137,the edge of seventeen,2016,kelly fremon craig,7.4,47694,77.0,9000000.0,19370020.0,10370020.0,115.22244444444443
138,watchmen,2009,zack snyder,7.6,410249,56.0,130000000.0,185382813.0,55382813.0,42.60216384615384
139,superbad,2007,greg mottola,7.6,442082,76.0,20000000.0,170812526.0,150812526.0,754.0626299999999
140,inferno,2016,ron howard,6.2,97623,42.0,75000000.0,220021259.0,145021259.0,193.36167866666668
141,the bfg,2016,steven spielberg,6.4,50853,66.0,140000000.0,195243411.0,55243411.0,39.45957928571429
142,the hunger games,2012,gary ross,7.2,735604,68.0,78000000.0,694394724.0,616394724.0,790.2496461538462
143,white girl,2016,elizabeth wood,5.8,4299,65.0,,,,
144,sicario,2015,denis villeneuve,7.6,243230,82.0,30000000.0,84872444.0,54872444.0,182.90814666666665
145,aliens vs predator - requiem,2007,colin strause,4.7,97618,29.0,,,,
146,pacific rim,2013,guillermo del toro,7.0,400519,64.0,190000000.0,411002906.0,221002906.0,116.31731894736843
147,"crazy, stupid, love.",2011,glenn ficarra,7.4,396714,68.0,50000000.0,145051197.0,95051197.0,190.102394
148,scott pilgrim vs. the world,2010,edgar wright,7.5,291457,69.0,60000000.0,48917974.0,-11082026.0,-18.470043333333333
149,hot fuzz,2007,edgar wright,7.9,373244,81.0,,,,
150,mine,2016,fabio guaglione,6.0,5926,40.0,,,,
151,free fire,2016,ben wheatley,7.0,6946,63.0,,,,
152,x-men: days of future past,2014,bryan singer,8.0,552298,74.0,200000000.0,746045700.0,546045700.0,273.02285
153,jack reacher: never go back,2016,edward zwick,6.1,78043,47.0,60000000.0,162146076.0,102146076.0,170.24346
154,casino royale,2006,martin campbell,8.0,495106,80.0,150000000.0,616502912.0,466502912.0,311.0019413333333
155,twilight,2008,catherine hardwicke,5.2,361449,56.0,37000000.0,408430415.0,371430415.0,1003.8659864864863
156,now you see me 2,2016,jon m. chu,6.5,156567,46.0,90000000.0,334897606.0,244897606.0,272.1084511111111
157,woman in gold,2015,simon curtis,7.3,39723,51.0,11000000.0,61619773.0,50619773.0,460.1797545454546
158,13 hours,2016,michael bay,7.3,76935,48.0,50000000.0,69411370.0,19411370.0,38.82274
159,spectre,2015,sam mendes,6.8,308981,60.0,245000000.0,880681519.0,635681519.0,259.4618444897959
160,nightcrawler,2014,dan gilroy,7.9,332476,76.0,8500000.0,47398992.0,38898992.0,457.6352
161,kubo and the two strings,2016,travis knight,7.9,72778,84.0,60000000.0,76249438.0,16249438.0,27.082396666666668
162,beyond the gates,2016,jackson stewart,5.2,2127,59.0,,,,
163,her,2013,spike jonze,8.0,390531,90.0,23000000.0,48517427.0,25517427.0,110.94533478260873
164,frozen,2013,chris buck,7.5,451894,74.0,150000000.0,1281508100.0,1131508100.0,754.3387333333334
165,tomorrowland,2015,brad bird,6.5,143069,60.0,190000000.0,209035668.0,19035668.0,10.018772631578948
166,dawn of the planet of the apes,2014,matt reeves,7.6,337777,79.0,170000000.0,710644566.0,540644566.0,318.02621529411766
167,tropic thunder,2008,ben stiller,7.0,321442,71.0,92000000.0,195702963.0,103702963.0,112.72061195652174
168,the conjuring 2,2016,james wan,7.4,137203,65.0,40000000.0,321788219.0,281788219.0,704.4705475
169,ant-man,2015,peyton reed,7.3,368912,64.0,130000000.0,519311965.0,389311965.0,299.4707423076923
170,bridget jones's baby,2016,sharon maguire,6.7,43086,59.0,35000000.0,211952420.0,176952420.0,505.5783428571429
171,the vvitch: a new-england folktale,2015,robert eggers,6.8,101781,83.0,,,,
172,cinderella,2015,kenneth branagh,7.0,117018,67.0,95000000.0,542358331.0,447358331.0,470.9035063157895
173,forushande,2016,asghar farhadi,8.0,22389,85.0,,,,
174,love,2015,gaspar noé,6.0,24003,51.0,,,,
175,billy lynn's long halftime walk,2016,ang lee,6.3,11944,53.0,40000000.0,30930984.0,-9069016.0,-22.67254
176,crimson peak,2015,guillermo del toro,6.6,97454,66.0,55000000.0,74679822.0,19679822.0,35.78149454545454
177,drive,2011,nicolas winding refn,7.8,461509,78.0,15000000.0,77187281.0,62187281.0,414.5818733333333
178,trainwreck,2015,judd apatow,6.3,106364,75.0,35000000.0,140795793.0,105795793.0,302.27369428571427
179,the light between oceans,2016,derek cianfrance,7.2,27382,60.0,20000000.0,25975621.0,5975621.0,29.878105
180,below her mouth,2016,april mullen,5.6,1445,42.0,,,,
181,spotlight,2015,tom mccarthy,8.1,268282,93.0,20000000.0,98690254.0,78690254.0,393.45127
182,morgan,2016,luke scott,5.8,22107,48.0,8000000.0,8809407.0,809407.0,10.1175875
183,warrior,2011,gavin o'connor,8.2,355722,71.0,25000000.0,23308615.0,-1691385.0,-6.7655400000000006
184,captain america: the first avenger,2011,joe johnston,6.9,547368,66.0,140000000.0,370569774.0,230569774.0,164.69269571428572
185,into the wild,2007,sean penn,8.1,459304,73.0,15000000.0,56675895.0,41675895.0,277.8393
186,the imitation game,2014,morten tyldum,8.1,532353,73.0,14000000.0,233555708.0,219555708.0,1568.2550571428571
187,central intelligence,2016,rawson marshall thurber,6.3,97082,52.0,50000000.0,216972543.0,166972543.0,333.945086
188,edge of tomorrow,2014,doug liman,7.9,471815,71.0,178000000.0,370541256.0,192541256.0,108.16924494382025
189,a cure for wellness,2016,gore verbinski,6.5,12193,47.0,40000000.0,26620002.0,-13379998.0,-33.449995
190,snowden,2016,oliver stone,7.3,79855,58.0,40000000.0,37357216.0,-2642784.0,-6.606960000000001
191,iron man,2008,jon favreau,7.9,737719,79.0,140000000.0,585796247.0,445796247.0,318.4258907142857
192,allegiant,2016,robert schwentke,5.7,70504,33.0,110000000.0,179246868.0,69246868.0,62.95169818181818
193,x: first class,2011,matthew vaughn,7.8,550011,65.0,,,,
194,raw (ii),2016,julia ducournau,7.5,5435,81.0,,,,
195,paterson,2016,jim jarmusch,7.5,26089,90.0,5000000.0,9588282.0,4588282.0,91.76564
196,bridesmaids,2011,paul feig,6.8,227912,75.0,32500000.0,288383523.0,255883523.0,787.3339169230769
197,the girl with all the gifts,2016,colm mccarthy,6.7,23713,67.0,,,,
198,san andreas,2015,brad peyton,6.1,161396,43.0,110000000.0,473990832.0,363990832.0,330.90075636363633
199,spring breakers,2012,harmony korine,5.3,114290,63.0,5000000.0,32170399.0,27170399.0,543.4079800000001
200,transformers,2007,michael bay,7.1,531112,61.0,150000000.0,709709780.0,559709780.0,373.13985333333335
201,old boy,2013,spike lee,5.8,54679,49.0,,,,
202,thor: the dark world,2013,alan taylor,7.0,443584,54.0,170000000.0,644783140.0,474783140.0,279.2842
203,gods of egypt,2016,alex proyas,5.5,73568,25.0,140000000.0,150680864.0,10680864.0,7.629188571428572
204,captain america: the winter soldier,2014,anthony russo,7.8,542362,70.0,170000000.0,714421503.0,544421503.0,320.24794294117646
205,monster trucks,2016,chris wedge,5.7,7044,41.0,125000000.0,64493915.0,-60506085.0,-48.404868
206,a dark song,2016,liam gavin,6.1,1703,67.0,,,,
207,kick-ass,2010,matthew vaughn,7.7,456749,66.0,30000000.0,96188903.0,66188903.0,220.62967666666663
208,hardcore henry,2015,ilya naishuller,6.7,61098,51.0,2000000.0,16810562.0,14810562.0,740.5281
209,cars,2006,john lasseter,7.1,283445,73.0,120000000.0,461991867.0,341991867.0,284.9932225
210,it follows,2014,david robert mitchell,6.9,136399,83.0,1000000.0,21947454.0,20947454.0,2094.7454
211,the girl with the dragon tattoo,2011,david fincher,7.8,348551,71.0,90000000.0,232617430.0,142617430.0,158.4638111111111
212,we're the millers,2013,rawson marshall thurber,7.0,334867,44.0,37000000.0,269994119.0,232994119.0,629.7138351351351
213,american honey,2016,andrea arnold,7.0,19660,79.0,,,,
214,the lobster,2015,yorgos lanthimos,7.1,121313,82.0,,,,
215,predators,2010,nimród antal,6.4,179450,51.0,40000000.0,127233108.0,87233108.0,218.08277
216,maleficent,2014,robert stromberg,7.0,268877,56.0,180000000.0,758411779.0,578411779.0,321.33987722222224
217,rupture,2016,steven shainberg,4.8,2382,35.0,,,,
218,pan's labyrinth,2006,guillermo del toro,8.2,498879,98.0,19000000.0,83850267.0,64850267.0,341.3171947368421
219,a kind of murder,2016,andy goddard,5.2,3305,50.0,,,,
220,apocalypto,2006,mel gibson,7.8,247926,68.0,40000000.0,120673227.0,80673227.0,201.6830675
221,mission: impossible - rogue nation,2015,christopher mcquarrie,7.4,257472,75.0,150000000.0,682716636.0,532716636.0,355.144424
222,the huntsman: winter's war,2016,cedric nicolas-troyan,6.1,66766,35.0,115000000.0,164989338.0,49989338.0,43.46898956521739
223,the perks of being a wallflower,2012,stephen chbosky,8.0,377336,67.0,13000000.0,33384127.0,20384127.0,156.80097692307692
224,jackie,2016,pablo larraín,6.8,41446,81.0,9000000.0,29777777.0,20777777.0,230.8641888888889
225,the disappointments room,2016,d.j. caruso,3.9,4895,31.0,,,,
226,the grand budapest hotel,2014,wes anderson,8.1,530881,88.0,25000000.0,172945750.0,147945750.0,591.783
227,the host,2013,andrew niccol,5.9,96852,35.0,40000000.0,63365859.0,23365859.0,58.41464750000001
228,fury,2014,david ayer,7.6,332234,64.0,68000000.0,211822697.0,143822697.0,211.5039661764706
229,inside out,2015,pete docter,8.2,416689,94.0,175000000.0,858848019.0,683848019.0,390.7702965714286
230,rock dog,2016,ash brannon,5.8,1109,48.0,60000000.0,23157646.0,-36842354.0,-61.40392333333333
231,terminator genisys,2015,alan taylor,6.5,205365,38.0,155000000.0,440603537.0,285603537.0,184.2603464516129
232,percy jackson & the olympians: the lightning thief,2010,chris columbus,5.9,148949,47.0,95000000.0,226497209.0,131497209.0,138.4181147368421
233,les misérables,2012,tom hooper,7.6,257426,63.0,61000000.0,441809770.0,380809770.0,624.2783114754099
234,children of men,2006,alfonso cuarón,7.9,382910,84.0,76000000.0,70595464.0,-5404536.0,-7.111231578947369
235,20th century women,2016,mike mills,7.4,14708,83.0,7000000.0,7214806.0,214806.0,3.068657142857143
236,spy,2015,paul feig,7.1,188017,75.0,65000000.0,235666219.0,170666219.0,262.5634138461538
237,the intouchables,2011,olivier nakache,8.6,557965,57.0,,,,
238,bonjour anne,2016,eleanor coppola,4.9,178,50.0,,,,
239,kynodontas,2009,yorgos lanthimos,7.3,50946,73.0,,,,
240,straight outta compton,2015,f. gary gray,7.9,139831,72.0,28000000.0,201634991.0,173634991.0,620.1249678571428
241,the amazing spider-man 2,2014,marc webb,6.7,342183,53.0,200000000.0,708982323.0,508982323.0,254.49116150000003
242,the conjuring,2013,james wan,7.5,330305,68.0,20000000.0,320290989.0,300290989.0,1501.454945
243,the hangover,2009,todd phillips,7.8,611563,73.0,35000000.0,469310836.0,434310836.0,1240.888102857143
244,battleship,2012,peter berg,5.8,210349,41.0,209000000.0,303025485.0,94025485.0,44.98827033492823
245,rise of the planet of the apes,2011,rupert wyatt,7.6,422290,68.0,93000000.0,481800873.0,388800873.0,418.06545483870974
246,lights out,2016,david f. sandberg,6.4,69823,58.0,4900000.0,148868835.0,143968835.0,2938.139489795918
247,norman: the moderate rise and tragic fall of a new york fixer,2016,joseph cedar,7.1,664,76.0,,,,
248,birdman or (the unexpected virtue of ignorance),2014,alejandro gonzález iñárritu,7.8,440299,88.0,,,,
249,black swan,2010,darren aronofsky,8.0,581518,79.0,13000000.0,329398046.0,316398046.0,2433.831123076923
250,dear white people,2014,justin simien,6.2,21715,79.0,,,,
251,nymphomaniac: vol. i,2013,lars von trier,7.0,90556,64.0,,,,
252,teenage mutant ninja turtles: out of the shadows,2016,dave green,6.0,59312,40.0,135000000.0,245623848.0,110623848.0,81.94359111111112
253,knock knock,2015,eli roth,4.9,53441,53.0,2500000.0,5567103.0,3067103.0,122.68412
254,dirty grandpa,2016,dan mazer,6.0,75137,18.0,25000000.0,94073028.0,69073028.0,276.29211200000003
255,cloud atlas,2012,tom tykwer,7.5,298651,55.0,102000000.0,130482868.0,28482868.0,27.924380392156863
256,x-men origins: wolverine,2009,gavin hood,6.7,388447,40.0,150000000.0,373062864.0,223062864.0,148.708576
257,skyfall,2012,sam mendes,7.8,547386,81.0,200000000.0,1108569499.0,908569499.0,454.2847495
258,the hobbit: an unexpected journey,2012,peter jackson,7.9,668651,58.0,180000000.0,1017003568.0,837003568.0,465.00198222222224
259,21 jump street,2012,phil lord,7.2,432046,69.0,42000000.0,201585328.0,159585328.0,379.9650666666666
260,sing street,2016,john carney,8.0,52144,79.0,,,,
261,oblivion,2013,joseph kosinski,7.0,410125,54.0,120000000.0,286168572.0,166168572.0,138.47381
262,22 jump street,2014,phil lord,7.1,280110,71.0,50000000.0,331333876.0,281333876.0,562.6677520000001
263,zodiac,2007,david fincher,7.7,329683,78.0,65000000.0,84785914.0,19785914.0,30.439867692307693
264,everybody wants some!!,2016,richard linklater,7.0,36312,83.0,10000000.0,4644472.0,-5355528.0,-53.55528
265,iron man three,2013,shane black,7.2,591023,62.0,,,,
266,now you see me,2013,louis leterrier,7.3,492324,50.0,75000000.0,351723989.0,276723989.0,368.9653186666667
267,sherlock holmes,2009,guy ritchie,7.6,501769,57.0,90000000.0,524028679.0,434028679.0,482.2540877777778
268,the danish girl,2015,tom hooper,7.0,110773,66.0,15000000.0,64191523.0,49191523.0,327.9434866666667
269,hercules,2014,brett ratner,6.0,122838,47.0,100000000.0,244819862.0,144819862.0,144.819862
270,sucker punch,2011,zack snyder,6.1,204874,33.0,82000000.0,89792502.0,7792502.0,9.503051219512196
271,keeping up with the joneses,2016,greg mottola,5.8,30405,34.0,40000000.0,29918745.0,-10081255.0,-25.2031375
272,jupiter ascending,2015,lana wachowski,5.3,150121,40.0,176000000.0,183887723.0,7887723.0,4.4816607954545455
273,masterminds,2016,jared hess,5.8,26508,47.0,,,,
274,busanhaeng,2016,sang-ho yeon,7.5,58782,72.0,,,,
275,pitch perfect,2012,jason moore,7.2,226631,66.0,17000000.0,115350426.0,98350426.0,578.5319176470588
276,neighbors 2: sorority rising,2016,nicholas stoller,5.7,76327,58.0,35000000.0,108007109.0,73007109.0,208.59174
277,man of steel,2013,zack snyder,7.1,577010,55.0,225000000.0,668045518.0,443045518.0,196.9091191111111
278,the choice,2016,ross katz,6.6,20514,26.0,,,,
279,ice age: collision course,2016,mike thurmeier,5.7,34523,34.0,105000000.0,408754975.0,303754975.0,289.2904523809524
280,the devil wears prada,2006,david frankel,6.8,302268,62.0,35000000.0,326706115.0,291706115.0,833.4460428571429
281,the infiltrator,2016,brad furman,7.1,43929,66.0,28000000.0,21011110.0,-6988890.0,-24.960321428571422
282,there will be blood,2007,paul thomas anderson,8.1,400682,92.0,25000000.0,76182388.0,51182388.0,204.729552
283,the equalizer,2014,antoine fuqua,7.2,249425,57.0,55000000.0,192330738.0,137330738.0,249.6922509090909
284,lone survivor,2013,peter berg,7.5,218996,60.0,40000000.0,154802912.0,114802912.0,287.00728
285,the cabin in the woods,2012,drew goddard,7.0,295554,72.0,,,,
286,the house bunny,2008,fred wolf,5.5,67033,55.0,25000000.0,70439696.0,45439696.0,181.758784
287,she's out of my league,2010,jim field smith,6.4,105619,46.0,20000000.0,49779728.0,29779728.0,148.89864
288,inherent vice,2014,paul thomas anderson,6.7,69509,81.0,20000000.0,14710975.0,-5289025.0,-26.445125000000004
289,alice through the looking glass,2016,james bobin,6.2,57207,34.0,170000000.0,299820798.0,129820798.0,76.36517529411765
290,the fast and the furious: tokyo drift,2006,justin lin,6.0,193479,45.0,85000000.0,158964610.0,73964610.0,87.01718823529411
291,how to be single,2016,christian ditter,6.1,59886,51.0,38000000.0,112343513.0,74343513.0,195.6408236842105
292,the blind side,2009,john lee hancock,7.7,237221,53.0,29000000.0,309208309.0,280208309.0,966.235548275862
293,la vie d'adèle,2013,abdellatif kechiche,7.8,103150,88.0,,,,
294,the babadook,2014,jennifer kent,6.8,132580,86.0,2000000.0,10312540.0,8312540.0,415.627
295,the hobbit: the battle of the five armies,2014,peter jackson,7.4,385598,59.0,250000000.0,962182865.0,712182865.0,284.873146
296,harry potter and the order of the phoenix,2007,david yates,7.5,385325,71.0,150000000.0,942172396.0,792172396.0,528.1149306666666
297,snowpiercer,2013,bong joon ho,7.0,199048,84.0,39200000.0,86758912.0,47558912.0,121.3237551020408
298,the 5th wave,2016,j blakeson,5.2,73093,33.0,38000000.0,109906372.0,71906372.0,189.2272947368421
299,the visit,2015,m. night shyamalan,6.2,81429,55.0,5000000.0,98450062.0,93450062.0,1869.00124
300,fast five,2011,justin lin,7.3,300803,66.0,125000000.0,626137675.0,501137675.0,400.91014
301,step up,2006,anne fletcher,6.5,95960,48.0,12000000.0,114197742.0,102197742.0,851.64785
302,lovesong,2016,so yong kim,6.4,616,74.0,,,,
303,rocknrolla,2008,guy ritchie,7.3,203096,53.0,18000000.0,25740863.0,7740863.0,43.00479444444444
304,in time,2011,andrew niccol,6.7,319025,53.0,40000000.0,173930596.0,133930596.0,334.82649000000004
305,the social network,2010,david fincher,7.7,510100,95.0,40000000.0,224920375.0,184920375.0,462.3009375
306,the last witch hunter,2015,breck eisner,6.0,71149,34.0,90000000.0,146936910.0,56936910.0,63.26323333333333
307,victor frankenstein,2015,paul mcguigan,6.0,37975,36.0,65000000.0,34227298.0,-30772702.0,-47.34261846153846
308,a street cat named bob,2016,roger spottiswoode,7.4,12643,54.0,,,,
309,green room,2015,jeremy saulnier,7.0,62885,79.0,5000000.0,3769214.0,-1230786.0,-24.61572
310,blackhat,2015,michael mann,5.4,43085,51.0,70000000.0,19652057.0,-50347943.0,-71.92563285714286
311,storks,2016,nicholas stoller,6.9,34248,56.0,70000000.0,183388953.0,113388953.0,161.98421857142858
312,american sniper,2014,clint eastwood,7.3,353305,72.0,58800000.0,547426372.0,488626372.0,830.9972312925171
313,dallas buyers club,2013,jean-marc vallée,8.0,352801,84.0,5000000.0,55736588.0,50736588.0,1014.73176
314,lincoln,2012,steven spielberg,7.4,207497,86.0,65000000.0,275293450.0,210293450.0,323.5283846153846
315,rush,2013,ron howard,8.1,339722,75.0,38000000.0,96983009.0,58983009.0,155.2184447368421
316,silver linings playbook,2012,david o. russell,7.8,564364,81.0,21000000.0,236412453.0,215412453.0,1025.7735857142857
317,tracktown,2016,alexi pappas,5.9,115,64.0,,,,
318,the fault in our stars,2014,josh boone,7.8,271301,69.0,12000000.0,307166834.0,295166834.0,2459.7236166666667
319,blended,2014,frank coraci,6.5,93764,31.0,40000000.0,127994610.0,87994610.0,219.98652500000003
320,fast & furious,2009,justin lin,6.6,217464,46.0,85000000.0,360366870.0,275366870.0,323.96102352941176
321,looper,2012,rian johnson,7.4,452369,84.0,30000000.0,176506819.0,146506819.0,488.3560633333333
322,white house down,2013,roland emmerich,6.4,173320,52.0,150000000.0,205366737.0,55366737.0,36.911158
323,pete's dragon,2016,david lowery,6.8,36322,71.0,65000000.0,143695338.0,78695338.0,121.06975076923077
324,spider-man 3,2007,sam raimi,6.2,406219,59.0,258000000.0,894983373.0,636983373.0,246.89278023255812
325,the three musketeers,2011,paul w.s. anderson,5.8,92329,35.0,75000000.0,132274484.0,57274484.0,76.36597866666666
326,stardust,2007,matthew vaughn,7.7,220664,66.0,70000000.0,137515140.0,67515140.0,96.4502
327,american hustle,2013,david o. russell,7.3,379088,90.0,40000000.0,251171807.0,211171807.0,527.9295175
328,jennifer's body,2009,karyn kusama,5.1,96617,47.0,16000000.0,31556061.0,15556061.0,97.22538125
329,midnight in paris,2011,woody allen,7.7,320323,81.0,17000000.0,151653750.0,134653750.0,792.0808823529412
330,lady macbeth,2016,william oldroyd,7.3,1396,83.0,,,,
331,joy,2015,david o. russell,6.6,97679,56.0,60000000.0,101134059.0,41134059.0,68.556765
332,the dressmaker,2015,jocelyn moorhouse,7.1,33352,47.0,,,,
333,café society,2016,woody allen,6.7,45579,64.0,30000000.0,43763247.0,13763247.0,45.87749
334,insurgent,2015,robert schwentke,6.3,171970,42.0,,,,
335,seventh son,2014,sergei bodrov,5.5,59958,30.0,95000000.0,114178613.0,19178613.0,20.188013684210524
336,the theory of everything,2014,james marsh,7.7,299718,72.0,15000000.0,123726688.0,108726688.0,724.8445866666667
337,this is the end,2013,evan goldberg,6.6,327838,67.0,32000000.0,126041322.0,94041322.0,293.87913125
338,about time,2013,richard curtis,7.8,221600,55.0,12000000.0,87100449.0,75100449.0,625.837075
339,step brothers,2008,adam mckay,6.9,223065,51.0,65000000.0,128108211.0,63108211.0,97.0895553846154
340,clown,2014,jon watts,5.7,14248,42.0,1500000.0,4381603.0,2881603.0,192.1068666666667
341,star trek into darkness,2013,j.j. abrams,7.8,417663,72.0,190000000.0,467365246.0,277365246.0,145.98170842105262
342,zombieland,2009,ruben fleischer,7.7,409403,73.0,23600000.0,102392080.0,78792080.0,333.8647457627119
343,"hail, caesar!",2016,ethan coen,6.3,89059,72.0,22000000.0,63945241.0,41945241.0,190.6601863636364
344,slumdog millionaire,2008,danny boyle,8.0,677044,86.0,15000000.0,378410542.0,363410542.0,2422.7369466666664
345,the twilight saga: breaking dawn - part 2,2012,bill condon,5.5,194329,52.0,120000000.0,829747654.0,709747654.0,591.4563783333333
346,the amazing spider-man,2012,marc webb,7.0,474320,66.0,230000000.0,757930663.0,527930663.0,229.53507086956523
347,ben-hur,2016,timur bekmambetov,5.7,28326,38.0,100000000.0,94061311.0,-5938689.0,-5.938689
348,sleight,2016,j.d. dillard,6.0,702,62.0,,,,
349,the maze runner,2014,wes ball,6.8,335531,57.0,34000000.0,348319861.0,314319861.0,924.4701794117648
350,criminal,2016,ariel vromen,6.3,38430,36.0,31500000.0,38803993.0,7303993.0,23.18727936507937
351,wanted,2008,timur bekmambetov,6.7,312495,64.0,75000000.0,342463063.0,267463063.0,356.6174173333333
352,florence foster jenkins,2016,stephen frears,6.9,31776,71.0,29000000.0,49052787.0,20052787.0,69.14754137931034
353,collide,2016,eran creevy,5.7,7583,33.0,,,,
354,black mass,2015,scott cooper,6.9,135706,68.0,53000000.0,99775678.0,46775678.0,88.25599622641509
355,creed,2015,ryan coogler,7.6,175673,82.0,35000000.0,173567581.0,138567581.0,395.9073742857143
356,swiss army man,2016,dan kwan,7.1,61812,64.0,3000000.0,4935501.0,1935501.0,64.5167
357,the expendables 3,2014,patrick hughes,6.1,137568,35.0,80000000.0,214657577.0,134657577.0,168.32197125
358,what we do in the shadows,2014,jemaine clement,7.6,84016,76.0,1600000.0,7253160.0,5653160.0,353.3225
359,southpaw,2015,antoine fuqua,7.4,169083,57.0,30000000.0,91970827.0,61970827.0,206.56942333333333
360,hush,2016,mike flanagan,6.6,45867,67.0,,,,
361,bridge of spies,2015,steven spielberg,7.6,217938,81.0,40000000.0,165478348.0,125478348.0,313.69587
362,the lego movie,2014,phil lord,7.8,266508,83.0,,,,
363,everest,2015,baltasar kormákur,7.1,154647,64.0,55000000.0,203427584.0,148427584.0,269.86833454545456
364,pixels,2015,chris columbus,5.6,101092,27.0,88000000.0,244874809.0,156874809.0,178.26682840909092
365,robin hood,2010,ridley scott,6.7,221117,53.0,200000000.0,321669741.0,121669741.0,60.83487050000001
366,the wolverine,2013,james mangold,6.7,355362,60.0,120000000.0,414828246.0,294828246.0,245.690205
367,john carter,2012,andrew stanton,6.6,220667,51.0,250000000.0,284139100.0,34139100.0,13.65564
368,keanu,2016,peter atencio,6.3,31913,63.0,15000000.0,20651333.0,5651333.0,37.67555333333333
369,the gunman,2015,pierre morel,5.8,31194,39.0,40000000.0,24177137.0,-15822863.0,-39.5571575
370,steve jobs,2015,danny boyle,7.2,116112,82.0,30000000.0,34441873.0,4441873.0,14.806243333333333
371,whisky galore,2016,gillies mackinnon,5.0,102,43.0,,,,
372,grown ups 2,2013,dennis dugan,5.4,114482,19.0,80000000.0,246984278.0,166984278.0,208.7303475
373,the age of adaline,2015,lee toland krieger,7.2,112288,51.0,25000000.0,65663276.0,40663276.0,162.65310399999998
374,the incredible hulk,2008,louis leterrier,6.8,342355,61.0,150000000.0,264770996.0,114770996.0,76.51399733333332
375,couples retreat,2009,peter billingsley,5.5,86417,23.0,70000000.0,171844840.0,101844840.0,145.49262857142858
376,absolutely anything,2015,terry jones,6.0,26587,31.0,,,,
377,magic mike,2012,steven soderbergh,6.1,113686,72.0,7000000.0,167739961.0,160739961.0,2296.2851571428573
378,minions,2015,kyle balda,6.4,159830,56.0,74000000.0,1159444662.0,1085444662.0,1466.8171108108108
379,the black room,2016,rolfe kanefsky,3.9,240,71.0,,,,
380,despicable me,2010,pierre coffin,7.7,410607,72.0,69000000.0,543113985.0,474113985.0,687.1217173913044
381,the best of me,2014,michael hoffman,6.7,49041,29.0,26000000.0,38609668.0,12609668.0,48.49872307692308
382,the invitation,2015,karyn kusama,6.7,40529,74.0,,,,
383,zero dark thirty,2012,kathryn bigelow,7.4,226661,95.0,40000000.0,132820716.0,92820716.0,232.05179
384,tangled,2010,nathan greno,7.8,316459,71.0,260000000.0,592462816.0,332462816.0,127.87031384615383
385,the hunger games: mockingjay - part 2,2015,francis lawrence,6.6,202380,65.0,160000000.0,658344137.0,498344137.0,311.465085625
386,vacation,2015,john francis daley,6.1,74589,34.0,31000000.0,107228221.0,76228221.0,245.8974870967742
387,taken,2008,pierre morel,7.8,502961,50.0,25000000.0,226837760.0,201837760.0,807.35104
388,pitch perfect 2,2015,elizabeth banks,6.5,108306,63.0,29000000.0,287144079.0,258144079.0,890.1519965517242
389,monsters university,2013,dan scanlon,7.3,252119,65.0,200000000.0,743559645.0,543559645.0,271.7798225
390,elle,2016,paul verhoeven,7.2,35417,89.0,,,,
391,mechanic: resurrection,2016,dennis gansel,5.6,48161,38.0,40000000.0,125729635.0,85729635.0,214.3240875
392,tusk,2014,kevin smith,5.4,34546,55.0,3000000.0,1882074.0,-1117926.0,-37.2642
393,the headhunter's calling,2016,mark williams,6.9,164,85.0,,,,
394,harry potter and the deathly hallows: part 1,2010,david yates,7.7,357213,65.0,,,,
395,shame,2011,steve mcqueen,7.2,155010,72.0,6500000.0,19123767.0,12623767.0,194.2118
396,hanna,2011,joe wright,6.8,164208,65.0,30000000.0,63782078.0,33782078.0,112.60692666666668
397,the babysitters,2007,david ross,5.7,8914,35.0,,,,
398,pride and prejudice and zombies,2016,burr steers,5.8,35003,45.0,28000000.0,16457494.0,-11542506.0,-41.223235714285714
399,300: rise of an empire,2014,noam murro,6.2,237887,48.0,110000000.0,337580051.0,227580051.0,206.89095545454543
400,london has fallen,2016,babak najafi,5.9,100702,28.0,60000000.0,205754447.0,145754447.0,242.9240783333333
401,the curious case of benjamin button,2008,david fincher,7.8,485075,70.0,150000000.0,335802786.0,185802786.0,123.868524
402,sin city: a dame to kill for,2014,frank miller,6.5,122185,46.0,65000000.0,39407616.0,-25592384.0,-39.37289846153846
403,the bourne ultimatum,2007,paul greengrass,8.1,525700,85.0,110000000.0,444100035.0,334100035.0,303.72730454545456
404,srpski film,2010,srdjan spasojevic,5.2,43648,55.0,,,,
405,3 idiots,2009,rajkumar hirani,8.4,238789,67.0,,,,
406,zoolander 2,2016,ben stiller,4.7,48297,34.0,50000000.0,56722693.0,6722693.0,13.445386
407,world war z,2013,marc forster,7.0,494819,63.0,190000000.0,540455876.0,350455876.0,184.4504610526316
408,mission: impossible - ghost protocol,2011,brad bird,7.4,382459,73.0,145000000.0,694713380.0,549713380.0,379.11267586206895
409,let me make you a martyr,2016,corey asraf,6.4,223,56.0,,,,
410,the longest ride,2015,george tillman jr.,7.1,58421,33.0,34000000.0,62944815.0,28944815.0,85.13180882352941
411,the imposible,2012,j.a. bayona,7.6,156189,73.0,,,,
412,kick-ass 2,2013,jeff wadlow,6.6,214825,41.0,28000000.0,60795985.0,32795985.0,117.12851785714288
413,folk hero & funny guy,2016,jeff grace,5.6,220,63.0,,,,
414,oz the great and powerful,2013,sam raimi,6.3,181521,44.0,215000000.0,493311825.0,278311825.0,129.44736046511628
415,brooklyn,2015,john crowley,7.5,94977,87.0,11000000.0,62402155.0,51402155.0,467.2923181818182
416,coraline,2009,henry selick,7.7,156620,80.0,60000000.0,124596837.0,64596837.0,107.661395
417,blue valentine,2010,derek cianfrance,7.4,151409,81.0,1000000.0,15440333.0,14440333.0,1444.0333
418,the thinning,2016,michael j. gallagher,6.0,4531,31.0,,,,
419,dredd,2012,pete travis,7.1,213764,59.0,50000000.0,41037742.0,-8962258.0,-17.924515999999997
420,hunt for the wilderpeople,2016,taika waititi,7.9,52331,81.0,,,,
421,big hero 6,2014,don hall,7.8,309186,74.0,165000000.0,657869686.0,492869686.0,298.7089006060606
422,carrie,2013,kimberly peirce,5.9,113272,53.0,30000000.0,84790678.0,54790678.0,182.63559333333333
423,iron man 2,2010,jon favreau,7.0,556666,57.0,200000000.0,623933331.0,423933331.0,211.9666655
424,demolition,2015,jean-marc vallée,7.0,58720,49.0,10000000.0,4366460.0,-5633540.0,-56.3354
425,pandorum,2009,christian alvart,6.8,126656,28.0,33000000.0,20648328.0,-12351672.0,-37.42930909090909
426,olympus has fallen,2013,antoine fuqua,6.5,214994,41.0,70000000.0,170270201.0,100270201.0,143.2431442857143
427,i am number four,2011,d.j. caruso,6.1,202682,36.0,60000000.0,149878437.0,89878437.0,149.797395
428,jagten,2012,thomas vinterberg,8.3,192263,76.0,,,,
429,the proposal,2009,anne fletcher,6.7,241709,48.0,40000000.0,317375031.0,277375031.0,693.4375775000001
430,get hard,2015,etan cohen,6.0,95119,34.0,40000000.0,111711453.0,71711453.0,179.2786325
431,just go with it,2011,dennis dugan,6.4,182069,33.0,80000000.0,214945591.0,134945591.0,168.68198875
432,revolutionary road,2008,sam mendes,7.3,159736,69.0,35000000.0,75981180.0,40981180.0,117.08908571428572
433,the town,2010,ben affleck,7.6,294553,74.0,37000000.0,154026136.0,117026136.0,316.28685405405406
434,the boy,2016,william brent bell,6.0,51235,42.0,10000000.0,73929392.0,63929392.0,639.29392
435,denial,2016,mick jackson,6.6,8229,63.0,10000000.0,7994527.0,-2005473.0,-20.054730000000003
436,predestination,2014,michael spierig,7.5,187760,69.0,5100000.0,4942449.0,-157551.0,-3.089235294117647
437,goosebumps,2015,rob letterman,6.3,57602,60.0,58000000.0,158261424.0,100261424.0,172.86452413793103
438,sherlock holmes: a game of shadows,2011,guy ritchie,7.5,357436,48.0,125000000.0,543848418.0,418848418.0,335.0787344
439,salt,2010,phillip noyce,6.4,255813,65.0,110000000.0,293503354.0,183503354.0,166.8212309090909
440,enemy,2013,denis villeneuve,6.9,111558,61.0,,,,
441,district 9,2009,neill blomkamp,8.0,556794,81.0,30000000.0,210888950.0,180888950.0,602.9631666666667
442,the other guys,2010,adam mckay,6.7,199900,64.0,100000000.0,170458922.0,70458922.0,70.458922
443,american gangster,2007,ridley scott,7.8,337835,76.0,100000000.0,269755430.0,169755430.0,169.75543
444,marie antoinette,2006,sofia coppola,6.4,83941,65.0,40000000.0,60917189.0,20917189.0,52.292972500000005
445,2012,2009,roland emmerich,5.8,297984,49.0,200000000.0,791217826.0,591217826.0,295.60891300000003
446,harry potter and the half-blood prince,2009,david yates,7.5,351059,78.0,250000000.0,934454096.0,684454096.0,273.7816384
447,argo,2012,ben affleck,7.7,481274,86.0,44500000.0,232325503.0,187825503.0,422.07978202247193
448,eddie the eagle,2016,dexter fletcher,7.4,56332,54.0,,,,
449,the lives of others,2006,florian henckel von donnersmarck,8.5,278103,89.0,2000000.0,77356942.0,75356942.0,3767.8471
450,pet,2016,carles torrens,5.7,8404,48.0,,,,
451,paint it black,2016,amber tamblyn,8.3,61,71.0,,,,
452,macbeth,2015,justin kurzel,6.7,41642,71.0,15000000.0,16322067.0,1322067.0,8.81378
453,forgetting sarah marshall,2008,nicholas stoller,7.2,226619,67.0,30000000.0,105833257.0,75833257.0,252.7775233333333
454,the giver,2014,phillip noyce,6.5,93799,47.0,25000000.0,66980456.0,41980456.0,167.921824
455,triple 9,2016,john hillcoat,6.3,48400,52.0,20000000.0,23177948.0,3177948.0,15.88974
456,perfetti sconosciuti,2016,paolo genovese,7.7,17584,43.0,,,,
457,moonrise kingdom,2012,wes anderson,7.8,254446,84.0,16000000.0,68264022.0,52264022.0,326.6501375
458,hairspray,2007,adam shankman,6.7,102954,81.0,75000000.0,203553311.0,128553311.0,171.40441466666667
459,safe haven,2013,lasse hallström,6.7,84765,34.0,28000000.0,97594140.0,69594140.0,248.5505
460,focus,2015,glenn ficarra,6.6,166489,56.0,50100000.0,158762963.0,108662963.0,216.89214171656687
461,ratatouille,2007,brad bird,8.0,504039,96.0,150000000.0,623726085.0,473726085.0,315.81739
462,stake land,2010,jim mickle,6.5,36091,66.0,650000.0,405380.0,-244620.0,-37.63384615384616
463,the book of eli,2010,albert hughes,6.9,241359,53.0,80000000.0,157107755.0,77107755.0,96.38469375
464,cloverfield,2008,matt reeves,7.0,313803,64.0,25000000.0,172394180.0,147394180.0,589.57672
465,point break,2015,ericson core,5.3,44553,34.0,105000000.0,133718711.0,28718711.0,27.351153333333333
466,under the skin,2013,jonathan glazer,6.3,94707,78.0,13300000.0,5866389.0,-7433611.0,-55.89181203007519
467,i am legend,2007,francis lawrence,7.2,565721,65.0,150000000.0,585410052.0,435410052.0,290.273368
468,men in black 3,2012,barry sonnenfeld,6.8,278379,58.0,225000000.0,624026776.0,399026776.0,177.34523377777776
469,super 8,2011,j.j. abrams,7.1,298913,72.0,50000000.0,260095986.0,210095986.0,420.191972
470,law abiding citizen,2009,f. gary gray,7.4,228339,34.0,50000000.0,127944208.0,77944208.0,155.888416
471,up,2009,pete docter,8.3,722203,88.0,175000000.0,735099102.0,560099102.0,320.05662971428575
472,maze runner: the scorch trials,2015,wes ball,6.3,159364,43.0,61000000.0,312296056.0,251296056.0,411.9607475409836
473,carol,2015,todd haynes,7.2,77995,95.0,11800000.0,40272135.0,28472135.0,241.28927966101696
474,imperium,2016,daniel ragussis,6.5,27428,68.0,,,,
475,youth,2015,paolo sorrentino,7.3,52636,64.0,,,,
476,mr. nobody,2009,jaco van dormael,7.9,166872,63.0,47000000.0,3559160.0,-43440840.0,-92.42731914893618
477,city of tiny lights,2016,pete travis,5.7,291,54.0,,,,
478,savages,2012,oliver stone,6.5,107960,59.0,45000000.0,82966152.0,37966152.0,84.36922666666666
479,(500) days of summer,2009,marc webb,7.7,398972,76.0,,,,
480,movie 43,2013,elizabeth banks,4.3,83625,18.0,,,,
481,gravity,2013,alfonso cuarón,7.8,622089,96.0,100000000.0,723192705.0,623192705.0,623.192705
482,the boy in the striped pyjamas,2008,mark herman,7.8,144614,55.0,,,,
483,shooter,2007,antoine fuqua,7.2,267820,53.0,61000000.0,95696996.0,34696996.0,56.88032131147541
484,the happening,2008,m. night shyamalan,5.0,170897,34.0,48000000.0,163403799.0,115403799.0,240.42458125
485,bone tomahawk,2015,s. craig zahler,7.1,47289,72.0,,,,
486,magic mike xxl,2015,gregory jacobs,5.7,42506,60.0,14800000.0,117813057.0,103013057.0,696.0341689189189
487,easy a,2010,will gluck,7.1,294950,72.0,8000000.0,75026327.0,67026327.0,837.8290874999999
488,exodus: gods and kings,2014,ridley scott,6.0,137299,52.0,140000000.0,268175631.0,128175631.0,91.55402214285714
489,chappie,2015,neill blomkamp,6.9,188769,41.0,49000000.0,102811889.0,53811889.0,109.82018163265306
490,the hobbit: the desolation of smaug,2013,peter jackson,7.9,513744,66.0,225000000.0,959007513.0,734007513.0,326.2255613333333
491,half of a yellow sun,2013,biyi bandele,6.2,1356,51.0,,,,
492,anthropoid,2016,sean ellis,7.2,24100,59.0,,,,
493,the counselor,2013,ridley scott,5.3,84927,48.0,25000000.0,71009334.0,46009334.0,184.037336
494,viking,2016,andrey kravchuk,4.7,1830,57.0,,,,
495,trust,2010,david schwimmer,7.0,36043,60.0,4000000.0,595802.0,-3404198.0,-85.10495
496,birth of the dragon,2016,george nolfi,3.9,552,61.0,,,,
497,the green inferno,2013,eli roth,5.4,26461,38.0,5000000.0,12666449.0,7666449.0,153.32898
498,godzilla,2014,gareth edwards,6.4,318058,62.0,160000000.0,524976069.0,364976069.0,228.110043125
499,the bourne legacy,2012,tony gilroy,6.7,245374,61.0,125000000.0,276144750.0,151144750.0,120.9158
500,a good year,2006,ridley scott,6.9,74674,47.0,35000000.0,42269923.0,7269923.0,20.77120857142857
501,friend request,2016,simon verhoeven,5.4,12758,59.0,,,,
502,lucy,2014,luc besson,6.4,352698,61.0,40000000.0,458863600.0,418863600.0,1047.159
503,a quiet passion,2016,terence davies,7.2,1024,77.0,,,,
504,need for speed,2014,scott waugh,6.5,143389,39.0,66000000.0,203277636.0,137277636.0,207.99641818181817
505,jack reacher,2012,christopher mcquarrie,7.0,250811,50.0,60000000.0,218340595.0,158340595.0,263.9009916666667
506,the do-over,2016,steven brill,5.7,24761,22.0,,,,
507,true crimes,2016,alexandros avranas,7.3,198,43.0,,,,
508,the ghost writer,2010,roman polanski,7.2,137964,77.0,45000000.0,60331447.0,15331447.0,34.06988222222222
509,limitless,2011,neil burger,7.4,444417,59.0,27000000.0,161849455.0,134849455.0,499.4424259259259
510,spectral,2016,nic mathieu,6.3,27042,39.0,,,,
511,zipper,2015,mora stephens,5.7,4912,39.0,,,,
512,midnight special,2016,jeff nichols,6.7,54787,76.0,18000000.0,6740647.0,-11259353.0,-62.55196111111111
513,don't think twice,2016,mike birbiglia,6.8,10485,83.0,,,,
514,alice in wonderland,2010,tim burton,6.5,324898,53.0,200000000.0,1025468216.0,825468216.0,412.734108
515,chuck,2016,philippe falardeau,6.8,391,68.0,,,,
516,"i, daniel blake",2016,ken loach,7.9,22941,77.0,,,,
517,the break-up,2006,peyton reed,5.8,106381,45.0,52000000.0,205668210.0,153668210.0,295.5157884615385
518,loving,2016,jeff nichols,7.1,17141,79.0,9000000.0,12957265.0,3957265.0,43.96961111111112
519,fantastic four,2015,josh trank,4.3,121847,27.0,120000000.0,167882881.0,47882881.0,39.90240083333333
520,the survivalist,2015,stephen fingleton,6.3,9187,80.0,,,,
521,colonia,2015,florian gallenberger,7.1,30074,33.0,,,,
522,the boy next door,2015,rob cohen,4.6,30180,30.0,4000000.0,52425855.0,48425855.0,1210.646375
523,the gift,2015,joel edgerton,7.1,96688,77.0,5000000.0,58980521.0,53980521.0,1079.61042
524,dracula untold,2014,gary shore,6.3,148504,40.0,70000000.0,217124280.0,147124280.0,210.17754285714284
525,in the heart of the sea,2015,ron howard,6.9,90372,47.0,100000000.0,93920758.0,-6079242.0,-6.079242
526,idiocracy,2006,mike judge,6.6,115355,66.0,,,,
527,the expendables,2010,sylvester stallone,6.5,283282,45.0,80000000.0,274470394.0,194470394.0,243.0879925
528,evil dead,2013,fede alvarez,6.5,133113,57.0,17000000.0,97542952.0,80542952.0,473.7820705882353
529,sinister,2012,scott derrickson,6.8,171169,53.0,3000000.0,82515113.0,79515113.0,2650.5037666666667
530,wreck-it ralph,2012,rich moore,7.8,290559,72.0,165000000.0,471222889.0,306222889.0,185.5896296969697
531,snow white and the huntsman,2012,rupert sanders,6.1,239772,57.0,170000000.0,396592829.0,226592829.0,133.2898994117647
532,pan,2015,joe wright,5.8,47804,36.0,150000000.0,128388320.0,-21611680.0,-14.407786666666668
533,transformers: dark of the moon,2011,michael bay,6.3,338369,42.0,195000000.0,1123794079.0,928794079.0,476.304655897436
534,juno,2007,jason reitman,7.5,432461,81.0,7500000.0,232372681.0,224872681.0,2998.3024133333333
535,a hologram for the king,2016,tom tykwer,6.1,26521,58.0,30000000.0,9169507.0,-20830493.0,-69.43497666666667
536,money monster,2016,jodie foster,6.5,68654,55.0,27000000.0,93282604.0,66282604.0,245.491125925926
537,the other woman,2014,nick cassavetes,6.0,110825,39.0,40000000.0,196710396.0,156710396.0,391.77599
538,enchanted,2007,kevin lima,7.1,150353,75.0,85000000.0,340487836.0,255487836.0,300.57392470588235
539,the intern,2015,nancy meyers,7.1,159582,51.0,35000000.0,194564672.0,159564672.0,455.8990628571429
540,little miss sunshine,2006,jonathan dayton,7.8,374044,80.0,8000000.0,101058954.0,93058954.0,1163.236925
541,bleed for this,2016,ben younger,6.8,11900,62.0,6000000.0,6698679.0,698679.0,11.64465
542,clash of the titans,2010,louis leterrier,5.8,238206,39.0,125000000.0,493214993.0,368214993.0,294.5719944
543,the finest hours,2016,craig gillespie,6.8,44425,58.0,80000000.0,52099090.0,-27900910.0,-34.8761375
544,tron,2010,joseph kosinski,6.8,273959,49.0,,,,
545,the hunger games: catching fire,2013,francis lawrence,7.6,525646,76.0,130000000.0,865011746.0,735011746.0,565.3936507692308
546,all good things,2010,andrew jarecki,6.3,44158,57.0,,,,
547,kickboxer: vengeance,2016,john stockwell,4.9,6809,37.0,,,,
548,the last airbender,2010,m. night shyamalan,4.2,125129,20.0,150000000.0,319713881.0,169713881.0,113.14258733333334
549,sex tape,2014,jake kasdan,5.1,89885,36.0,40000000.0,126069509.0,86069509.0,215.1737725
550,what to expect when you're expecting,2012,kirk jones,5.7,60059,41.0,40000000.0,84384002.0,44384002.0,110.960005
551,moneyball,2011,bennett miller,7.6,297395,87.0,50000000.0,110206216.0,60206216.0,120.412432
552,ghost rider,2007,mark steven johnson,5.2,190673,35.0,110000000.0,228738393.0,118738393.0,107.94399363636364
553,unbroken,2014,angelina jolie,7.2,114006,59.0,65000000.0,161459297.0,96459297.0,148.39891846153844
554,immortals,2011,tarsem singh,6.0,142900,46.0,75000000.0,226904017.0,151904017.0,202.5386893333333
555,sunshine,2007,danny boyle,7.3,199860,64.0,,,,
556,brave,2012,mark andrews,7.2,293941,69.0,185000000.0,538983207.0,353983207.0,191.3422740540541
557,män som hatar kvinnor,2009,niels arden oplev,7.8,182074,76.0,,,,
558,adoration,2013,anne fontaine,6.2,25208,37.0,,,,
559,the drop,2014,michaël r. roskam,7.1,116118,69.0,12600000.0,18658381.0,6058381.0,48.082388888888886
560,she's the man,2006,andy fickman,6.4,122864,45.0,20000000.0,57194667.0,37194667.0,185.973335
561,daddy's home,2015,sean anders,6.1,68306,42.0,50000000.0,242786137.0,192786137.0,385.572274
562,let me in,2010,matt reeves,7.2,97141,79.0,20000000.0,27093592.0,7093592.0,35.46796
563,never back down,2008,jeff wadlow,6.6,84083,39.0,20000000.0,41627431.0,21627431.0,108.137155
564,grimsby,2016,louis leterrier,6.2,63408,44.0,,,,
565,moon,2009,duncan jones,7.9,277123,67.0,5000000.0,9760107.0,4760107.0,95.20214
566,megamind,2010,tom mcgrath,7.3,183926,63.0,130000000.0,321885765.0,191885765.0,147.6044346153846
567,gangster squad,2013,ruben fleischer,6.7,181432,40.0,60000000.0,105200903.0,45200903.0,75.33483833333334
568,blood father,2016,jean-françois richet,6.4,40357,66.0,,,,
569,he's just not that into you,2009,ken kwapis,6.4,137684,47.0,40000000.0,178866158.0,138866158.0,347.165395
570,kung fu panda 3,2016,alessandro carloni,7.2,89791,66.0,145000000.0,521170825.0,376170825.0,259.4281551724138
571,the rise of the krays,2015,zackary adler,5.1,1630,90.0,,,,
572,horrible bosses,2011,seth gordon,6.9,368556,57.0,35000000.0,209838559.0,174838559.0,499.53874
573,mommy,2014,xavier dolan,8.1,33560,74.0,,,,
574,hellboy ii: the golden army,2008,guillermo del toro,7.0,216932,78.0,85000000.0,168319243.0,83319243.0,98.0226388235294
575,beautiful creatures,2013,richard lagravenese,6.2,71822,52.0,60000000.0,60052138.0,52138.0,0.0868966666666666
576,toni erdmann,2016,maren ade,7.6,24387,93.0,,,,
577,the lovely bones,2009,peter jackson,6.7,130702,42.0,65000000.0,93621340.0,28621340.0,44.03283076923077
578,the assassination of jesse james by the coward robert ford,2007,andrew dominik,7.5,143564,68.0,30000000.0,15001776.0,-14998224.0,-49.99408
579,don jon,2013,joseph gordon-levitt,6.6,199973,66.0,3000000.0,39439355.0,36439355.0,1214.645166666667
580,bastille day,2016,james watkins,6.3,21089,48.0,,,,
581,2307: winter's dream,2016,joey curtis,4.0,277,53.0,,,,
582,mr. right,2015,paco cabezas,6.3,30053,52.0,8000000.0,607595.0,-7392405.0,-92.4050625
583,the secret life of walter mitty,2013,ben stiller,7.3,249877,54.0,90000000.0,188133322.0,98133322.0,109.03702444444446
584,dope,2015,rick famuyiwa,7.3,66400,72.0,7000000.0,17986781.0,10986781.0,156.9540142857143
585,underworld awakening,2012,måns mårlind,6.4,127157,39.0,,,,
586,antichrist,2009,lars von trier,6.6,94069,49.0,11000000.0,7413863.0,-3586137.0,-32.60124545454545
587,friday the 13th,2009,marcus nispel,5.6,78631,34.0,19000000.0,91509154.0,72509154.0,381.62712631578944
588,taken 3,2014,olivier megaton,6.0,144715,26.0,48000000.0,326479141.0,278479141.0,580.1648770833333
589,total recall,2012,len wiseman,6.3,210965,43.0,125000000.0,198467168.0,73467168.0,58.7737344
590,x-men: the last stand,2006,brett ratner,6.7,406540,58.0,210000000.0,460435291.0,250435291.0,119.25490047619049
591,the escort,2016,will slocombe,6.0,7181,46.0,,,,
592,night at the museum: secret of the tomb,2014,shawn levy,6.2,74886,47.0,127000000.0,363204635.0,236204635.0,185.9879015748032
593,love & other drugs,2010,edward zwick,6.7,151519,55.0,30000000.0,102820008.0,72820008.0,242.73336
594,the interview,2014,evan goldberg,6.6,261536,52.0,44000000.0,11782625.0,-32217375.0,-73.22130681818182
595,the host,2006,bong joon ho,7.0,73491,85.0,,,,
596,megan is missing,2011,michael goi,4.9,6683,94.0,,,,
597,knocked up,2007,judd apatow,7.0,309398,85.0,30000000.0,219922417.0,189922417.0,633.0747233333334
598,source code,2011,duncan jones,7.5,404884,74.0,32000000.0,147332697.0,115332697.0,360.414678125
599,lawless,2012,john hillcoat,7.3,195360,58.0,26000000.0,55404207.0,29404207.0,113.09310384615384
600,unfriended,2014,levan gabriadze,5.6,50402,59.0,1000000.0,62882090.0,61882090.0,6188.209
601,american reunion,2012,jon hurwitz,6.7,178471,49.0,50000000.0,234989584.0,184989584.0,369.979168
602,the pursuit of happyness,2006,gabriele muccino,8.0,361105,64.0,55000000.0,307127625.0,252127625.0,458.41386363636366
603,relatos salvajes,2014,damián szifron,8.1,110100,77.0,,,,
604,the ridiculous 6,2015,frank coraci,4.8,31149,18.0,,,,
605,frantz,2016,françois ozon,7.5,4304,73.0,,,,
606,viral,2016,henry joost,5.5,3564,72.0,,,,
607,burnt,2015,john wells,6.6,76469,42.0,20000000.0,36606743.0,16606743.0,83.033715
608,tall men,2016,jonathan holbrook,3.2,173,57.0,,,,
609,vampire academy,2014,mark waters,5.6,44111,30.0,30000000.0,15642346.0,-14357654.0,-47.858846666666665
610,sweeney todd: the demon barber of fleet street,2007,tim burton,7.4,296289,83.0,50000000.0,153383627.0,103383627.0,206.767254
611,solace,2015,afonso poyart,6.4,36300,36.0,,,,
612,insidious,2010,james wan,6.8,219916,52.0,1500000.0,99557032.0,98057032.0,6537.135466666667
613,popstar: never stop never stopping,2016,akiva schaffer,6.7,30875,68.0,20000000.0,9680029.0,-10319971.0,-51.59985499999999
614,the levelling,2016,hope dickson leach,6.4,482,82.0,,,,
615,public enemies,2009,michael mann,7.0,240323,70.0,100000000.0,214104620.0,114104620.0,114.10461999999998
616,boyhood,2014,richard linklater,7.9,286722,100.0,4000000.0,48137666.0,44137666.0,1103.44165
617,teenage mutant ninja turtles,2014,jonathan liebesman,5.9,178527,31.0,125000000.0,485004754.0,360004754.0,288.0038032
618,eastern promises,2007,david cronenberg,7.7,198006,82.0,,,,
619,the daughter,2015,simon stone,6.7,2798,62.0,,,,
620,pineapple express,2008,david gordon green,7.0,267872,64.0,27000000.0,101624843.0,74624843.0,276.3883074074074
621,the first time,2012,jon kasdan,6.9,54027,55.0,,,,
622,gone baby gone,2007,ben affleck,7.7,206707,72.0,19000000.0,34612443.0,15612443.0,82.17075263157895
623,the heat,2013,paul feig,6.6,140151,60.0,43000000.0,229930771.0,186930771.0,434.7227232558139
624,l'avenir,2016,mia hansen-løve,7.1,5796,88.0,,,,
625,anna karenina,2012,joe wright,6.6,75291,63.0,40600000.0,68929150.0,28329150.0,69.77623152709359
626,regression,2015,alejandro amenábar,5.7,26320,32.0,,,,
627,ted 2,2015,seth macfarlane,6.3,136323,48.0,68000000.0,215863606.0,147863606.0,217.44647941176476
628,pain & gain,2013,michael bay,6.5,168875,45.0,26000000.0,87305549.0,61305549.0,235.79057307692307
629,blood diamond,2006,edward zwick,8.0,422014,64.0,100000000.0,171720398.0,71720398.0,71.720398
630,devil's knot,2013,atom egoyan,6.1,15514,42.0,,,,
631,child 44,2015,daniel espinosa,6.5,47703,41.0,50000000.0,12951093.0,-37048907.0,-74.097814
632,the hurt locker,2008,kathryn bigelow,7.6,352023,94.0,15000000.0,49259766.0,34259766.0,228.39844
633,green lantern,2011,martin campbell,5.6,231907,39.0,200000000.0,219851172.0,19851172.0,9.925586
634,war on everyone,2016,john michael mcdonagh,5.9,9285,50.0,,,,
635,the mist,2007,frank darabont,7.2,233346,58.0,18000000.0,57470220.0,39470220.0,219.279
636,escape plan,2013,mikael håfström,6.7,188004,49.0,50000000.0,137328301.0,87328301.0,174.656602
637,"love, rosie",2014,christian ditter,7.2,80415,44.0,,,,
638,the duff,2015,ari sandel,6.5,57874,56.0,8500000.0,43709744.0,35209744.0,414.2322823529412
639,the age of shadows,2016,jee-woon kim,7.2,2403,78.0,,,,
640,the hunger games: mockingjay - part 1,2014,francis lawrence,6.7,331902,64.0,125000000.0,755356711.0,630356711.0,504.2853688
641,we need to talk about kevin,2011,lynne ramsay,7.5,104953,68.0,7000000.0,9232318.0,2232318.0,31.89025714285714
642,love & friendship,2016,whit stillman,6.5,16164,87.0,3000000.0,21401949.0,18401949.0,613.3983
643,the mortal instruments: city of bones,2013,harald zwart,5.9,112313,33.0,60000000.0,95396573.0,35396573.0,58.99428833333333
644,seven pounds,2008,gabriele muccino,7.7,245144,36.0,55000000.0,169748929.0,114748929.0,208.63441636363635
645,the king's speech,2010,tom hooper,8.0,534388,88.0,15000000.0,427374317.0,412374317.0,2749.1621133333333
646,hunger,2008,steve mcqueen,7.6,54486,82.0,,,,
647,jumper,2008,doug liman,6.1,252503,35.0,85000000.0,225132113.0,140132113.0,164.86130941176472
648,toy story 3,2010,lee unkrich,8.3,586669,92.0,200000000.0,1066970811.0,866970811.0,433.4854055
649,tinker tailor soldier spy,2011,tomas alfredson,7.1,157053,85.0,,,,
650,resident evil: retribution,2012,paul w.s. anderson,5.4,114144,39.0,65000000.0,240159255.0,175159255.0,269.4757769230769
651,dear zindagi,2016,gauri shinde,7.8,23540,56.0,,,,
652,pompeii,2014,paul w.s. anderson,5.5,90188,39.0,100000000.0,117831631.0,17831631.0,17.831631
653,life of pi,2012,ang lee,7.9,471109,79.0,120000000.0,609016565.0,489016565.0,407.51380416666666
654,hachi: a dog's tale,2009,lasse hallström,8.1,177602,61.0,,,,
655,i origins,2014,mike cahill,7.3,86271,57.0,1000000.0,481234.0,-518766.0,-51.8766
656,live free or die hard,2007,len wiseman,7.2,347567,69.0,110000000.0,388156011.0,278156011.0,252.8691009090909
657,the matchbreaker,2016,caleb vetter,5.5,1427,44.0,,,,
658,ted,2012,seth macfarlane,7.0,494641,62.0,50000000.0,549368315.0,499368315.0,998.73663
659,red,2010,robert schwentke,7.1,250012,60.0,58000000.0,199006387.0,141006387.0,243.1144603448276
660,australia,2008,baz luhrmann,6.6,106115,53.0,130000000.0,211787511.0,81787511.0,62.91347
661,faster,2010,george tillman jr.,6.5,83788,44.0,24000000.0,35626958.0,11626958.0,48.44565833333333
662,the neighbor,2016,marcus dunstan,5.8,4754,60.0,,,,
663,the hollars,2016,john krasinski,6.5,5908,53.0,3800000.0,1138609.0,-2661391.0,-70.0366052631579
664,the judge,2014,david dobkin,7.4,146812,48.0,50000000.0,84419388.0,34419388.0,68.838776
665,closed circuit,2013,john crowley,6.2,18437,50.0,,,,
666,transformers: revenge of the fallen,2009,michael bay,6.0,335757,35.0,200000000.0,836303693.0,636303693.0,318.1518465
667,la tortue rouge,2016,michael dudok de wit,7.6,11482,86.0,,,,
668,the book of life,2014,jorge r. gutiérrez,7.3,50388,67.0,50000000.0,99783556.0,49783556.0,99.567112
669,incendies,2010,denis villeneuve,8.2,92863,80.0,6800000.0,7099598.0,299598.0,4.40585294117647
670,the heartbreak kid,2007,bobby farrelly,5.8,74664,46.0,60000000.0,128453183.0,68453183.0,114.08863833333334
671,happy feet,2006,george miller,6.5,141141,77.0,100000000.0,384336108.0,284336108.0,284.336108
672,entourage,2015,doug ellin,6.6,64557,38.0,30000000.0,49263404.0,19263404.0,64.21134666666667
673,the strangers,2008,bryan bertino,6.2,96718,47.0,9000000.0,82410456.0,73410456.0,815.6717333333333
674,noah,2014,darren aronofsky,5.8,209700,68.0,125000000.0,359200044.0,234200044.0,187.3600352
675,neighbors,2014,nicholas stoller,6.4,236500,68.0,18000000.0,270665134.0,252665134.0,1403.6951888888889
676,nymphomaniac: vol. ii,2013,lars von trier,6.7,65824,60.0,,,,
677,wild,2014,jean-marc vallée,7.1,95553,76.0,15000000.0,52501541.0,37501541.0,250.0102733333333
678,grown ups,2010,dennis dugan,6.0,190385,30.0,80000000.0,271457301.0,191457301.0,239.32162625
679,blair witch,2016,adam wingard,5.1,26088,47.0,5000000.0,45173154.0,40173154.0,803.46308
680,the karate kid,2010,harald zwart,6.2,127983,61.0,40000000.0,359126022.0,319126022.0,797.8150549999999
681,dark shadows,2012,tim burton,6.2,209326,55.0,150000000.0,245527149.0,95527149.0,63.684766
682,friends with benefits,2011,will gluck,6.6,286543,63.0,35000000.0,149542245.0,114542245.0,327.2635571428571
683,the illusionist,2006,neil burger,7.6,309934,68.0,16500000.0,87892388.0,71392388.0,432.6811393939394
684,the a-team,2010,joe carnahan,6.8,219116,47.0,110000000.0,177238796.0,67238796.0,61.12617818181818
685,the guest,2014,adam wingard,6.7,71069,76.0,5000000.0,2700051.0,-2299949.0,-45.99898
686,the internship,2013,shawn levy,6.3,166342,42.0,58000000.0,93492844.0,35492844.0,61.194558620689655
687,paul,2011,greg mottola,7.0,201707,57.0,40000000.0,97984015.0,57984015.0,144.9600375
688,this beautiful fantastic,2016,simon aboud,6.9,688,51.0,,,,
689,the da vinci code,2006,ron howard,6.6,338280,46.0,125000000.0,760006945.0,635006945.0,508.005556
690,mr. church,2016,bruce beresford,7.7,16163,37.0,8000000.0,685780.0,-7314220.0,-91.42775
691,hugo,2011,martin scorsese,7.5,259182,83.0,150000000.0,185770310.0,35770310.0,23.84687333333333
692,the blackcoat's daughter,2015,oz perkins,5.6,4155,68.0,,,,
693,body of lies,2008,ridley scott,7.1,182305,57.0,70000000.0,115900897.0,45900897.0,65.57271
694,knight of cups,2015,terrence malick,5.7,17439,53.0,,,,
695,the mummy: tomb of the dragon emperor,2008,rob cohen,5.2,124554,31.0,145000000.0,403449830.0,258449830.0,178.2412620689655
696,the boss,2016,ben falcone,5.4,29642,40.0,,,,
697,hands of stone,2016,jonathan jakubowicz,6.6,8998,54.0,20000000.0,4978353.0,-15021647.0,-75.10823500000001
698,el secreto de sus ojos,2009,juan josé campanella,8.2,144524,80.0,,,,
699,true grit,2010,ethan coen,7.6,254904,80.0,38000000.0,252276927.0,214276927.0,563.88665
700,we are your friends,2015,max joseph,6.2,25903,46.0,2000000.0,11122090.0,9122090.0,456.1045
701,a million ways to die in the west,2014,seth macfarlane,6.1,144779,44.0,40000000.0,87189756.0,47189756.0,117.97439
702,only for one night,2016,chris stokes,4.6,313,60.0,,,,
703,ouija: origin of evil,2016,mike flanagan,6.1,30035,65.0,9000000.0,81705746.0,72705746.0,807.8416222222222
704,percy jackson: sea of monsters,2013,thor freudenthal,5.9,91684,39.0,90000000.0,199850315.0,109850315.0,122.05590555555555
705,fracture,2007,gregory hoblit,7.2,148943,68.0,,,,
706,oculus,2013,mike flanagan,6.5,92875,61.0,5000000.0,44459951.0,39459951.0,789.19902
707,in bruges,2008,martin mcdonagh,7.9,322536,67.0,15000000.0,34085749.0,19085749.0,127.23832666666664
708,this means war,2012,mcg,6.3,154400,31.0,65000000.0,156491279.0,91491279.0,140.75581384615384
709,lída baarová,2016,filip renc,5.0,353,64.0,,,,
710,lavender,2016,ed gass-donnelly,5.2,2083,46.0,,,,
711,deuces,2016,jamal hill,6.6,256,36.0,,,,
712,the fighter,2010,david o. russell,7.8,290056,79.0,25000000.0,129190869.0,104190869.0,416.763476
713,august rush,2007,kirsten sheridan,7.5,91229,38.0,30000000.0,66122026.0,36122026.0,120.40675333333331
714,chef,2014,jon favreau,7.3,151970,68.0,11000000.0,48428048.0,37428048.0,340.2549818181818
715,eye in the sky,2015,gavin hood,7.3,57826,73.0,13000000.0,35259653.0,22259653.0,171.22809999999998
716,eagle eye,2008,d.j. caruso,6.6,156158,43.0,80000000.0,178767383.0,98767383.0,123.45922875
717,the purge,2013,james demonaco,5.7,154588,41.0,3000000.0,89328627.0,86328627.0,2877.6209000000003
718,pk,2014,rajkumar hirani,8.2,103279,51.0,,,,
719,indiana jones and the kingdom of the crystal skull,2008,steven spielberg,6.2,351361,65.0,185000000.0,790653942.0,605653942.0,327.3805091891892
720,paper towns,2015,jake schreier,6.3,72515,56.0,12000000.0,85512300.0,73512300.0,612.6025000000001
721,high-rise,2015,ben wheatley,5.7,25928,65.0,,,,
722,quantum of solace,2008,marc forster,6.6,347798,58.0,200000000.0,589580482.0,389580482.0,194.790241
723,the assignment,2016,walter hill,4.5,2043,34.0,,,,
724,how to train your dragon,2010,dean deblois,8.1,523893,74.0,165000000.0,494879471.0,329879471.0,199.9269521212121
725,lady in the water,2006,m. night shyamalan,5.6,82701,36.0,70000000.0,72785169.0,2785169.0,3.978812857142857
726,the fountain,2006,darren aronofsky,7.3,199193,51.0,35000000.0,16468343.0,-18531657.0,-52.94759142857143
727,cars 2,2011,john lasseter,6.2,110490,57.0,200000000.0,559852396.0,359852396.0,179.926198
728,31,2016,rob zombie,5.1,10871,35.0,1500000.0,850419.0,-649581.0,-43.3054
729,final girl,2015,tyler shields,4.7,9026,56.0,,,,
730,unknown,2011,jaume collet-serra,6.9,218679,56.0,30000000.0,135710029.0,105710029.0,352.3667633333333
731,self/less,2015,tarsem singh,6.5,67196,34.0,26000000.0,31807156.0,5807156.0,22.335215384615385
732,mr. brooks,2007,bruce a. evans,7.3,128146,45.0,20000000.0,48443734.0,28443734.0,142.21867
733,tramps,2016,adam leon,6.5,1031,77.0,,,,
734,before we go,2014,chris evans,6.9,31370,31.0,,,,
735,captain phillips,2013,paul greengrass,7.8,346154,83.0,55000000.0,218791811.0,163791811.0,297.8032927272727
736,the secret scripture,2016,jim sheridan,6.8,378,37.0,,,,
737,max steel,2016,stewart hendler,4.6,11555,22.0,,,,
738,hotel transylvania 2,2015,genndy tartakovsky,6.7,69157,44.0,80000000.0,474800000.0,394800000.0,493.5
739,hancock,2008,peter berg,6.4,366138,49.0,150000000.0,629443428.0,479443428.0,319.628952
740,sisters,2015,jason moore,6.0,50241,58.0,30000000.0,105011053.0,75011053.0,250.0368433333333
741,the family,2013,luc besson,6.3,92868,42.0,30000000.0,78418811.0,48418811.0,161.39603666666667
742,zack and miri make a porno,2008,kevin smith,6.6,154936,56.0,24000000.0,42784344.0,18784344.0,78.26809999999999
743,ma vie de courgette,2016,claude barras,7.8,4370,85.0,,,,
744,man on a ledge,2012,asger leth,6.6,129252,40.0,42000000.0,47636031.0,5636031.0,13.41912142857143
745,no strings attached,2011,ivan reitman,6.2,178243,50.0,25000000.0,149228077.0,124228077.0,496.912308
746,rescue dawn,2006,werner herzog,7.3,87887,77.0,10000000.0,7177143.0,-2822857.0,-28.22857
747,despicable me 2,2013,pierre coffin,7.4,304837,62.0,76000000.0,970766005.0,894766005.0,1177.3236907894736
748,a walk among the tombstones,2014,scott frank,6.5,93883,57.0,28000000.0,58834384.0,30834384.0,110.1228
749,the world's end,2013,edgar wright,7.0,199813,81.0,20000000.0,46091271.0,26091271.0,130.456355
750,yoga hosers,2016,kevin smith,4.3,7091,23.0,,,,
751,seven psychopaths,2012,martin mcdonagh,7.2,196652,66.0,15000000.0,32226382.0,17226382.0,114.84254666666666
752,beowulf,2007,robert zemeckis,6.2,146566,59.0,150000000.0,196393745.0,46393745.0,30.92916333333333
753,jack ryan: shadow recruit,2014,kenneth branagh,6.2,103681,57.0,60000000.0,135503748.0,75503748.0,125.83958
754,1408,2007,mikael håfström,6.8,221073,64.0,25000000.0,132963417.0,107963417.0,431.853668
755,the gambler,2014,rupert wyatt,6.0,52537,55.0,25000000.0,39280992.0,14280992.0,57.123968000000005
756,prince of persia: the sands of time,2010,mike newell,6.6,233148,50.0,200000000.0,336365676.0,136365676.0,68.182838
757,the spectacular now,2013,james ponsoldt,7.1,115751,82.0,2500000.0,6918591.0,4418591.0,176.74364
758,a united kingdom,2016,amma asante,6.8,4771,65.0,14000000.0,14459330.0,459330.0,3.2809285714285714
759,uss indianapolis: men of courage,2016,mario van peebles,5.2,4964,30.0,,,,
760,turbo kid,2015,françois simard,6.7,19309,60.0,,,,
761,mama,2013,andrés muschietti,6.2,142560,57.0,,,,
762,orphan,2009,jaume collet-serra,7.0,153448,42.0,,,,
763,to rome with love,2012,woody allen,6.3,72050,54.0,,,,
764,fantastic mr. fox,2009,wes anderson,7.8,149779,83.0,40000000.0,46474181.0,6474181.0,16.1854525
765,inside man,2006,spike lee,7.6,285441,76.0,45000000.0,186003591.0,141003591.0,313.34131333333335
766,i.t.,2016,john moore,5.4,8755,27.0,,,,
767,127 hours,2010,danny boyle,7.6,294010,82.0,18000000.0,60738797.0,42738797.0,237.43776111111112
768,annabelle,2014,john r. leonetti,5.4,91106,37.0,6500000.0,257579282.0,251079282.0,3862.758184615384
769,wolves at the door,2016,john r. leonetti,4.6,564,63.0,,,,
770,the imaginarium of doctor parnassus,2009,terry gilliam,6.8,130153,65.0,30000000.0,61808775.0,31808775.0,106.02925
771,g.i. joe: the rise of cobra,2009,stephen sommers,5.8,180105,32.0,175000000.0,302469017.0,127469017.0,72.83943828571428
772,christine,2016,antonio campos,7.0,5855,72.0,,,,
773,man down,2015,dito montiel,5.8,4779,27.0,,,,
774,crawlspace,2016,phil claydon,5.3,1427,25.0,,,,
775,the warriors gate,2016,matthias hoene,5.3,1391,77.0,,,,
776,disaster movie,2008,jason friedberg,1.9,77207,15.0,20000000.0,34816824.0,14816824.0,74.08412
777,rocky balboa,2006,sylvester stallone,7.2,171356,63.0,24000000.0,155929020.0,131929020.0,549.70425
778,diary of a wimpy kid: dog days,2012,david bowers,6.4,16917,54.0,22000000.0,77229695.0,55229695.0,251.0440681818182
779,jane eyre,2011,cary joji fukunaga,7.4,67464,76.0,,,,
780,fool's gold,2008,andy tennant,5.7,62719,29.0,70000000.0,111231041.0,41231041.0,58.90148714285714
781,the dictator,2012,larry charles,6.4,225394,58.0,65000000.0,179379533.0,114379533.0,175.9685123076923
782,the loft,2014,erik van looy,6.3,38804,24.0,14000000.0,11020402.0,-2979598.0,-21.28284285714286
783,bacalaureat,2016,cristian mungiu,7.5,5531,84.0,,,,
784,you don't mess with the zohan,2008,dennis dugan,5.5,163144,54.0,90000000.0,204313400.0,114313400.0,127.0148888888889
785,exposed,2016,gee malik linton,4.2,8409,23.0,,,,
786,maudie,2016,aisling walsh,7.8,346,60.0,,,,
787,horrible bosses 2,2014,sean anders,6.3,125190,40.0,42000000.0,107645357.0,65645357.0,156.29846904761905
788,a bigger splash,2015,luca guadagnino,6.4,15232,74.0,,,,
789,melancholia,2011,lars von trier,7.1,137117,80.0,7400000.0,17039814.0,9639814.0,130.26775675675674
790,the princess and the frog,2009,ron clements,7.1,95480,73.0,105000000.0,267045765.0,162045765.0,154.3293
791,unstoppable,2010,tony scott,6.8,157499,69.0,100000000.0,167805466.0,67805466.0,67.80546600000001
792,flight,2012,robert zemeckis,7.3,276347,76.0,31000000.0,161772375.0,130772375.0,421.846370967742
793,home,2015,tim johnson,6.7,77447,55.0,135000000.0,386041607.0,251041607.0,185.95674592592596
794,la migliore offerta,2013,giuseppe tornatore,7.8,77986,49.0,,,,
795,mean dreams,2016,nathan morlando,6.3,1066,64.0,,,,
796,42,2013,brian helgeland,7.5,69659,62.0,40000000.0,97470701.0,57470701.0,143.6767525
797,21,2008,robert luketic,6.8,198395,48.0,35000000.0,159808370.0,124808370.0,356.59534285714284
798,begin again,2013,john carney,7.4,111875,62.0,8000000.0,65652908.0,57652908.0,720.66135
799,out of the furnace,2013,scott cooper,6.8,88829,63.0,22000000.0,15661554.0,-6338446.0,-28.81111818181818
800,vicky cristina barcelona,2008,woody allen,7.1,208770,70.0,15500000.0,96409300.0,80909300.0,521.9954838709677
801,kung fu panda,2008,mark osborne,7.6,329788,73.0,130000000.0,631746197.0,501746197.0,385.9586130769231
802,barbershop: the next cut,2016,malcolm d. lee,5.9,9993,67.0,,,,
803,terminator salvation,2009,mcg,6.6,297093,49.0,200000000.0,371353001.0,171353001.0,85.6765005
804,freedom writers,2007,richard lagravenese,7.5,55648,64.0,21000000.0,43095175.0,22095175.0,105.21511904761904
805,the hills have eyes,2006,alexandre aja,6.4,136642,52.0,15000000.0,70009308.0,55009308.0,366.72872
806,changeling,2008,clint eastwood,7.8,206793,63.0,55000000.0,113398237.0,58398237.0,106.17861272727274
807,remember me,2010,allen coulter,7.2,119376,40.0,16000000.0,56032889.0,40032889.0,250.20555625
808,koe no katachi,2016,naoko yamada,8.4,2421,80.0,,,,
809,"alexander and the terrible, horrible, no good, very bad day",2014,miguel arteta,6.2,32310,54.0,28000000.0,100654149.0,72654149.0,259.47910357142854
810,locke,2013,steven knight,7.1,100890,81.0,2000000.0,5090608.0,3090608.0,154.5304
811,the 9th life of louis drax,2016,alexandre aja,6.3,6175,41.0,,,,
812,horns,2013,alexandre aja,6.5,61060,46.0,,,,
813,indignation,2016,james schamus,6.9,7402,78.0,,,,
814,the stanford prison experiment,2015,kyle patrick alvarez,6.9,20907,67.0,,,,
815,diary of a wimpy kid: rodrick rules,2011,david bowers,6.6,20194,51.0,21000000.0,72526996.0,51526996.0,245.3666476190476
816,mission: impossible iii,2006,j.j. abrams,6.9,270429,66.0,150000000.0,398479497.0,248479497.0,165.652998
817,en man som heter ove,2015,hannes holm,7.7,21569,70.0,,,,
818,dragonball evolution,2009,james wong,2.7,59512,45.0,30000000.0,55720772.0,25720772.0,85.73590666666666
819,red dawn,2012,dan bradley,5.4,64584,31.0,65000000.0,50950296.0,-14049704.0,-21.61492923076923
820,one day,2011,lone scherfig,7.0,113599,48.0,15000000.0,59389433.0,44389433.0,295.92955333333333
821,life as we know it,2010,greg berlanti,6.6,101301,39.0,38000000.0,105734416.0,67734416.0,178.24846315789472
822,28 weeks later,2007,juan carlos fresnadillo,7.0,221858,78.0,15000000.0,65048678.0,50048678.0,333.6578533333333
823,warm bodies,2013,jonathan levine,6.9,193579,59.0,35000000.0,116980662.0,81980662.0,234.23046285714287
824,blue jasmine,2013,woody allen,7.3,160592,78.0,18000000.0,99104804.0,81104804.0,450.5822444444444
825,g.i. joe: retaliation,2013,jon m. chu,5.8,152145,41.0,130000000.0,375740705.0,245740705.0,189.03131153846152
826,wrath of the titans,2012,jonathan liebesman,5.8,159230,37.0,150000000.0,301970083.0,151970083.0,101.31338866666664
827,shin gojira,2016,hideaki anno,6.9,8365,68.0,,,,
828,saving mr. banks,2013,john lee hancock,7.5,125693,65.0,35000000.0,117867984.0,82867984.0,236.76566857142856
829,transcendence,2014,wally pfister,6.3,184564,42.0,100000000.0,103039258.0,3039258.0,3.039258
830,rio,2011,carlos saldanha,6.9,173919,63.0,90000000.0,483866518.0,393866518.0,437.6294644444444
831,equals,2015,drake doremus,6.1,16361,43.0,16000000.0,2084628.0,-13915372.0,-86.971075
832,babel,2006,alejandro gonzález iñárritu,7.5,253417,69.0,,,,
833,the tree of life,2011,terrence malick,6.8,143517,85.0,32000000.0,58409247.0,26409247.0,82.528896875
834,the lucky one,2012,scott hicks,6.5,82874,39.0,25000000.0,99357138.0,74357138.0,297.428552
835,piranha 3d,2010,alexandre aja,5.5,75262,53.0,24000000.0,83188165.0,59188165.0,246.61735416666664
836,50/50,2011,jonathan levine,7.7,281625,72.0,8000000.0,41097853.0,33097853.0,413.7231625
837,the intent,2016,femi oyeniran,3.5,202,59.0,,,,
838,real steel,2011,shawn levy,7.1,264480,56.0,110000000.0,299268508.0,189268508.0,172.06228
839,sex and the city,2008,michael patrick king,5.5,102547,53.0,65000000.0,418765519.0,353765519.0,544.2546446153847
840,rambo,2008,sylvester stallone,7.1,187077,46.0,50000000.0,113244290.0,63244290.0,126.48858
841,planet terror,2007,robert rodriguez,7.1,174553,55.0,,,,
842,the fall,2006,tarsem singh,7.9,93036,64.0,30000000.0,3669465.0,-26330535.0,-87.76845
843,the ugly truth,2009,robert luketic,6.5,172558,28.0,38000000.0,321682600.0,283682600.0,746.5331578947369
844,bride wars,2009,gary winick,5.5,83976,24.0,30000000.0,115375850.0,85375850.0,284.58616666666666
845,sleeping with other people,2015,leslye headland,6.5,27730,64.0,,,,
846,snakes on a plane,2006,david r. ellis,5.6,118905,58.0,33000000.0,62022014.0,29022014.0,87.94549696969696
847,what if,2013,michael dowse,6.8,55243,59.0,11000000.0,8526288.0,-2473712.0,-22.488290909090907
848,how to train your dragon 2,2014,dean deblois,7.9,237565,76.0,145000000.0,621537519.0,476537519.0,328.6465648275862
849,robocop,2014,josé padilha,6.2,190833,52.0,100000000.0,242688965.0,142688965.0,142.688965
850,in dubious battle,2016,james franco,6.2,1455,43.0,,,,
851,"hello, my name is doris",2015,michael showalter,6.7,12361,63.0,1000000.0,14659448.0,13659448.0,1365.9448
852,ocean's thirteen,2007,steven soderbergh,6.9,269581,62.0,85000000.0,311312624.0,226312624.0,266.25014588235297
853,slither,2006,james gunn,6.5,64351,69.0,15000000.0,12834936.0,-2165064.0,-14.43376
854,contagion,2011,steven soderbergh,6.6,187004,70.0,60000000.0,136515867.0,76515867.0,127.526445
855,il racconto dei racconti - tale of tales,2015,matteo garrone,6.4,17565,72.0,,,,
856,i am the pretty thing that lives in the house,2016,oz perkins,4.7,4204,68.0,,,,
857,bridge to terabithia,2007,gabor csupo,7.2,117297,74.0,17000000.0,137587063.0,120587063.0,709.3356647058823
858,coherence,2013,james ward byrkit,7.2,66265,65.0,50000.0,139745.0,89745.0,179.48999999999998
859,notorious,2009,george tillman jr.,6.7,33007,60.0,20000000.0,44420167.0,24420167.0,122.100835
860,goksung,2016,hong-jin na,7.5,17962,81.0,,,,
861,the expendables 2,2012,simon west,6.6,257395,51.0,100000000.0,314975955.0,214975955.0,214.97595500000003
862,the girl next door,2007,gregory wilson,6.7,19351,29.0,,,,
863,perfume: the story of a murderer,2006,tom tykwer,7.5,199387,56.0,60000000.0,135039924.0,75039924.0,125.06654
864,the golden compass,2007,chris weitz,6.1,155078,51.0,180000000.0,372234864.0,192234864.0,106.79714666666666
865,centurion,2010,neil marshall,6.4,67801,62.0,12000000.0,6890432.0,-5109568.0,-42.57973333333334
866,scouts guide to the zombie apocalypse,2015,christopher landon,6.3,31651,32.0,15000000.0,16137046.0,1137046.0,7.580306666666667
867,17 again,2009,burr steers,6.4,152808,48.0,20000000.0,136316880.0,116316880.0,581.5844000000001
868,no escape,2015,john erick dowdle,6.8,57921,38.0,16200000.0,54418872.0,38218872.0,235.91896296296292
869,superman returns,2006,bryan singer,6.1,246797,72.0,270000000.0,391081192.0,121081192.0,44.84488592592592
870,the twilight saga: breaking dawn - part 1,2011,bill condon,4.9,190244,45.0,110000000.0,712205856.0,602205856.0,547.4598690909091
871,precious,2009,lee daniels,7.3,91623,79.0,10000000.0,63649529.0,53649529.0,536.49529
872,the sea of trees,2015,gus van sant,5.9,7475,23.0,25000000.0,906995.0,-24093005.0,-96.37202
873,good kids,2016,chris mccoy,6.1,3843,86.0,,,,
874,footloose,2011,craig brewer,5.9,39380,58.0,24000000.0,63543328.0,39543328.0,164.76386666666667
875,if i stay,2014,r.j. cutler,6.8,92170,46.0,11000000.0,78274843.0,67274843.0,611.5894818181819
876,the ticket,2016,ido fluk,5.4,924,52.0,,,,
877,detour,2016,christopher smith,6.3,2205,46.0,,,,
878,the love witch,2016,anna biller,6.2,4669,82.0,,,,
879,talladega nights: the ballad of ricky bobby,2006,adam mckay,6.6,137502,66.0,72500000.0,163362095.0,90862095.0,125.32702758620692
880,the human centipede (first sequence),2009,tom six,4.4,60655,33.0,,,,
881,super,2010,james gunn,6.8,64535,50.0,2500000.0,422618.0,-2077382.0,-83.09528
882,the siege of jadotville,2016,richie smyth,7.3,14689,83.0,,,,
883,the midnight meat train,2008,ryûhei kitamura,6.1,50255,58.0,15000000.0,3534313.0,-11465687.0,-76.43791333333333
884,the twilight saga: eclipse,2010,david slade,4.9,192740,58.0,68000000.0,698491347.0,630491347.0,927.1931573529412
885,transpecos,2016,greg kwedar,5.8,1292,73.0,,,,
886,what's your number?,2011,mark mylod,6.1,62095,35.0,20000000.0,30426096.0,10426096.0,52.13048
887,riddick,2013,david twohy,6.4,132098,49.0,38000000.0,98337295.0,60337295.0,158.78235526315788
888,triangle,2009,christopher smith,6.9,72533,66.0,,,,
889,king cobra,2016,justin kelly,5.6,3990,48.0,,,,
890,after earth,2013,m. night shyamalan,4.9,166512,33.0,130000000.0,243611982.0,113611982.0,87.3938323076923
891,kicks,2016,justin tipping,6.1,2417,69.0,,,,
892,me and earl and the dying girl,2015,alfonso gomez-rejon,7.8,92076,74.0,8000000.0,9074749.0,1074749.0,13.4343625
893,the descendants,2011,alexander payne,7.3,211348,84.0,20000000.0,177243185.0,157243185.0,786.2159250000001
894,sex and the city 2,2010,michael patrick king,4.3,62403,27.0,100000000.0,290745055.0,190745055.0,190.745055
895,the kings of summer,2013,jordan vogt-roberts,7.2,65653,61.0,,,,
896,death race,2008,paul w.s. anderson,6.4,173731,43.0,45000000.0,76014335.0,31014335.0,68.92074444444445
897,that awkward moment,2014,tom gormican,6.2,81823,36.0,8000000.0,45640143.0,37640143.0,470.5017875
898,legion,2010,scott stewart,5.2,84158,32.0,26000000.0,67918658.0,41918658.0,161.2256076923077
899,end of watch,2012,david ayer,7.7,192190,68.0,7000000.0,55078146.0,48078146.0,686.8306571428571
900,3 days to kill,2014,mcg,6.2,73567,40.0,28000000.0,53260230.0,25260230.0,90.21510714285714
901,lucky number slevin,2006,paul mcguigan,7.8,271940,53.0,27000000.0,56308881.0,29308881.0,108.55141111111112
902,trance,2013,danny boyle,7.0,97141,61.0,20000000.0,24261569.0,4261569.0,21.307845
903,into the forest,2015,patricia rozema,5.9,10220,59.0,,,,
904,the other boleyn girl,2008,justin chadwick,6.7,88260,50.0,35000000.0,78201830.0,43201830.0,123.4338
905,i spit on your grave,2010,steven r. monroe,6.3,60133,27.0,2000000.0,1278650.0,-721350.0,-36.0675
906,custody,2016,james lapine,6.9,280,72.0,,,,
907,l'odyssée,2016,jérôme salle,6.7,1810,70.0,,,,
908,wrecker,2015,micheal bafaro,3.5,1210,37.0,,,,
909,texas chainsaw 3d,2013,john luessenhop,4.8,37060,62.0,,,,
910,rock of ages,2012,adam shankman,5.9,64513,47.0,75000000.0,59418613.0,-15581387.0,-20.775182666666662
911,scream 4,2011,wes craven,6.2,108544,52.0,40000000.0,97231420.0,57231420.0,143.07855
912,queen of katwe,2016,mira nair,7.4,6753,73.0,,,,
913,my big fat greek wedding 2,2016,kirk jones,6.0,20966,37.0,18000000.0,90632641.0,72632641.0,403.5146722222223
914,dark places,2015,gilles paquet-brenner,6.2,31634,39.0,,,,
915,amateur night,2016,lisa addario,5.0,2229,38.0,,,,
916,it's only the end of the world,2016,xavier dolan,7.0,10658,48.0,,,,
917,the skin i live in,2011,pedro almodóvar,7.6,108772,70.0,,,,
918,miracles from heaven,2016,patricia riggen,7.0,12048,44.0,13000000.0,73983003.0,60983003.0,469.1000230769231
919,annie,2014,will gluck,5.3,27312,33.0,65000000.0,136853506.0,71853506.0,110.54385538461536
920,across the universe,2007,julie taymor,7.4,95172,56.0,45000000.0,29625761.0,-15374239.0,-34.16497555555556
921,let's be cops,2014,luke greenfield,6.5,112729,30.0,17000000.0,138224951.0,121224951.0,713.0879470588235
922,max,2015,boaz yakin,6.8,21405,47.0,,,,
923,your highness,2011,david gordon green,5.6,87904,31.0,49900000.0,28013733.0,-21886267.0,-43.860254509018034
924,final destination 5,2011,steven quale,5.9,88000,50.0,40000000.0,157887643.0,117887643.0,294.7191075
925,endless love,2014,shana feste,6.3,33688,30.0,20000000.0,34718173.0,14718173.0,73.59086500000001
926,martyrs,2008,pascal laugier,7.1,63785,89.0,,,,
927,underworld: rise of the lycans,2009,patrick tatopoulos,6.6,129708,44.0,35000000.0,92158961.0,57158961.0,163.31131714285715
928,taare zameen par,2007,aamir khan,8.5,102697,42.0,,,,
929,resident evil: afterlife,2010,paul w.s. anderson,5.9,140900,37.0,60000000.0,300228084.0,240228084.0,400.38014
930,project x,2012,nima nourizadeh,6.7,164088,48.0,12000000.0,102731865.0,90731865.0,756.098875
931,secret in their eyes,2015,billy ray,6.2,27585,45.0,19500000.0,34854990.0,15354990.0,78.74353846153846
932,hostel: part ii,2007,eli roth,5.5,73152,46.0,10200000.0,35728183.0,25528183.0,250.2763039215686
933,step up 2: the streets,2008,jon m. chu,6.2,70699,50.0,17500000.0,150988382.0,133488382.0,762.7907542857142
934,search party,2014,scot armstrong,5.6,4881,22.0,,,,
935,nine lives,2016,barry sonnenfeld,5.3,12435,11.0,,,,
936,joker,2019,todd phillips,8.3,1690149,59.0,55000000.0,1074427370.0,1019427370.0,1853.5043090909087
937,avengers endgame,2019,anthony russo joe russo,8.4,1442446,78.0,,,,
938,avengers infinity war,2018,anthony russo joe russo,8.4,1368739,68.0,,,,
939,parasite,2019,bong joon ho,8.5,1148210,97.0,11400000.0,258908054.0,247508054.0,2171.1232807017545
940,dune part one,2021,denis villeneuve,8.0,1038179,74.0,,,,
941,oppenheimer,2023,christopher nolan,8.2,1024033,90.0,,,,
942,spider man no way home,2021,jon watts,8.1,1017543,71.0,,,,
943,once upon a time in hollywood,2019,quentin tarantino,7.6,959546,84.0,,,,
944,the batman,2022,matt reeves,7.8,923764,72.0,,,,
945,captain america civil war,2016,anthony russo joe russo,7.8,925892,75.0,,,,
946,logan,2017,james mangold,8.1,917281,77.0,97000000.0,619179950.0,522179950.0,538.3298453608247
947,black panther,2018,ryan coogler,7.3,907405,88.0,200000000.0,1347597973.0,1147597973.0,573.7989865000001
948,thor ragnarok,2017,taika waititi,7.9,892533,74.0,,,,
949,top gun maverick,2022,joseph kosinski,8.2,855273,78.0,,,,
950,knives out,2019,rian johnson,7.9,875016,82.0,40000000.0,311539397.0,271539397.0,678.8484925
951,guardians of the galaxy vol 2,2017,james gunn,7.6,828114,67.0,,,,
952,get out,2017,jordan peele,7.8,814293,85.0,4500000.0,255589157.0,251089157.0,5579.759044444445
953,dunkirk,2017,christopher nolan,7.8,800591,94.0,100000000.0,527016307.0,427016307.0,427.016307
954,spider man homecoming,2017,jon watts,7.4,795043,73.0,,,,
955,spider man into the spider verse,2018,bob persichetti peter ramsey rodney rothman,8.4,777014,87.0,,,,
956,batman v superman dawn of justice,2016,zack snyder,6.4,790738,44.0,,,,
957,1917,2020,sam mendes,8.2,769457,78.0,,,,
958,dune part two,2024,denis villeneuve,8.4,734902,79.0,,,,
959,rogue one a star wars story,2016,gareth edwards,7.8,748381,65.0,,,,
960,blade runner 2049,2017,denis villeneuve,8.0,751317,81.0,150000000.0,259334548.0,109334548.0,72.88969866666667
961,deadpool 2,2018,david leitch,7.6,742720,66.0,110000000.0,786470484.0,676470484.0,614.9731672727273
962,wonder woman,2017,patty jenkins,7.3,732467,76.0,149000000.0,822824522.0,673824522.0,452.23122281879193
963,star wars episode viii the last jedi,2017,rian johnson,6.8,714411,84.0,,,,
964,coco,2017,adrian molina lee unkrich,8.4,704092,81.0,,,,
965,it,2017,andy muschietti,7.3,694027,69.0,35000000.0,701796444.0,666796444.0,1905.1326971428573
966,green book,2018,peter farrelly,8.2,682124,69.0,23000000.0,321752656.0,298752656.0,1298.9245913043478
967,barbie,2023,greta gerwig,6.8,667737,80.0,,,,
968,tenet,2020,christopher nolan,7.3,684003,69.0,205000000.0,363656624.0,158656624.0,77.39347512195121
969,baby driver,2017,edgar wright,7.5,682380,86.0,34000000.0,226945087.0,192945087.0,567.48555
970,a quiet place,2018,john krasinski,7.5,652123,82.0,17000000.0,350320413.0,333320413.0,1960.7083117647055
971,captain marvel,2019,anna boden ryan fleck,6.7,658051,64.0,,,,
972,bohemian rhapsody,2018,bryan singer,7.9,638785,49.0,52000000.0,911902649.0,859902649.0,1653.658940384615
973,everything everywhere all at once,2022,daniel kwan daniel scheinert,7.7,627115,81.0,,,,
974,spider man far from home,2019,jon watts,7.3,637793,69.0,,,,
975,avatar the way of water,2022,james cameron,7.5,601100,67.0,,,,
976,three billboards outside ebbing missouri,2017,martin mcdonagh,8.1,601876,88.0,,,,
977,venom,2018,ruben fleischer,6.6,601600,35.0,100000000.0,856085151.0,756085151.0,756.085151
978,the kashmir files,2022,vivek agnihotri,8.6,575455,,,,,
979,ford v ferrari,2019,james mangold,8.1,553839,81.0,97600000.0,225508210.0,127908210.0,131.053493852459
980,deadpool wolverine,2024,shawn levy,7.5,565006,56.0,,,,
981,john wick chapter 2,2017,chad stahelski,7.4,564980,75.0,,,,
982,aquaman,2018,james wan,6.8,552623,55.0,160000000.0,1148485886.0,988485886.0,617.80367875
983,doctor strange in the multiverse of madness,2022,sam raimi,6.9,543288,60.0,,,,
984,star wars episode ix the rise of skywalker,2019,j j abrams,6.3,536918,53.0,,,,
985,ready player one,2018,steven spielberg,7.4,540503,64.0,175000000.0,582893671.0,407893671.0,233.0820977142857
986,bullet train,2022,david leitch,7.3,519374,49.0,,,,
987,spider man across the spider verse,2023,joaquim dos santos kemp powers justin k thompson,8.5,509515,86.0,,,,
988,glass onion,2022,rian johnson,7.1,522178,81.0,,,,
989,justice league,2017,zack snyder,6.0,502540,45.0,300000000.0,657926987.0,357926987.0,119.30899566666666
990,jumanji welcome to the jungle,2017,jake kasdan,6.9,501548,58.0,,,,
991,the menu,2022,mark mylod,7.2,496461,71.0,,,,
992,ant man and the wasp,2018,peyton reed,7.0,493940,70.0,,,,
993,sinners,2025,ryan coogler,7.5,472042,84.0,,,,
994,x men apocalypse,2016,bryan singer,6.8,491572,52.0,,,,
995,free guy,2021,shawn levy,7.1,487068,62.0,,,,
996,shang chi and the legend of the ten rings,2021,destin daniel cretton,7.3,486812,71.0,,,,
997,jojo rabbit,2019,taika waititi,7.9,483917,58.0,14000000.0,90335025.0,76335025.0,545.2501785714286
998,no time to die,2021,cary joji fukunaga,7.3,481524,68.0,,,,
999,midsommar,2019,ari aster,7.1,481955,72.0,9000000.0,47967636.0,38967636.0,432.9737333333333
1000,john wick chapter 3 parabellum,2019,chad stahelski,7.4,476412,73.0,,,,
1001,black widow,2021,cate shortland,6.6,476594,68.0,,,,
1002,the shape of water,2017,guillermo del toro,7.3,472626,87.0,19400000.0,195333312.0,175933312.0,906.8727422680412
1003,guardians of the galaxy vol 3,2023,james gunn,7.9,470167,64.0,,,,
1004,thor love and thunder,2022,taika waititi,6.1,459337,57.0,,,,
1005,the suicide squad,2021,james gunn,7.2,457420,72.0,,,,
1006,hereditary,2018,ari aster,7.3,453527,87.0,10000000.0,80239658.0,70239658.0,702.39658
1007,the gentlemen,2019,guy ritchie,7.8,452815,51.0,,,,
1008,soul,2020,pete docter kemp powers,8.0,441986,83.0,,,,
1009,a star is born,2018,bradley cooper,7.6,445763,88.0,36000000.0,436188866.0,400188866.0,1111.635738888889
1010,the substance,2024,coralie fargeat,7.2,416556,78.0,,,,
1011,eternals,2021,chloé zhao,6.2,423444,52.0,,,,
1012,superman,2025,james gunn,7.0,406287,68.0,,,,
1013,mission impossible fallout,2018,christopher mcquarrie,7.7,419025,87.0,,,,
1014,one battle after another,2025,paul thomas anderson,7.7,397927,95.0,,,,
1015,shazam,2019,david f sandberg,7.0,412905,71.0,,,,
1016,john wick chapter 4,2023,chad stahelski,7.6,405485,78.0,,,,
1017,poor things,2023,yorgos lanthimos,7.7,391223,88.0,,,,
1018,solo a star wars story,2018,ron howard,6.9,406107,62.0,,,,
1019,kingsman the golden circle,2017,matthew vaughn,6.7,400623,44.0,,,,
1020,snow white,2025,marc webb,2.1,389458,50.0,,,,
1021,nobody,2021,ilya naishuller,7.4,391880,64.0,,,,
1022,your name,2016,makoto shinkai,8.4,385171,81.0,,,,
1023,annihilation,2018,alex garland,6.8,391083,79.0,40000000.0,43070915.0,3070915.0,7.6772875
1024,us,2019,jordan peele,6.8,390771,81.0,20000000.0,255184580.0,235184580.0,1175.9229
1025,black panther wakanda forever,2022,ryan coogler,6.6,368850,67.0,,,,
1026,pirates of the caribbean dead men tell no tales,2017,joachim rønning espen sandberg,6.5,381325,39.0,,,,
1027,jurassic world fallen kingdom,2018,j a bayona,6.1,382093,51.0,,,,
1028,kong skull island,2017,jordan vogt roberts,6.7,371895,62.0,,,,
1029,incredibles 2,2018,brad bird,7.5,366471,80.0,200000000.0,1244639527.0,1044639527.0,522.3197635
1030,weapons,2025,zach cregger,7.4,349399,81.0,,,,
1031,project hail mary,2026,phil lord christopher miller,8.3,333549,77.0,,,,
1032,f1 the movie,2025,joseph kosinski,7.6,353753,68.0,,,,
1033,lady bird,2017,greta gerwig,7.4,363036,93.0,10000000.0,78966486.0,68966486.0,689.66486
1034,call me by your name,2017,luca guadagnino,7.8,351228,94.0,,,,
1035,beauty and the beast,2017,bill condon,7.1,356758,65.0,160000000.0,1264434525.0,1104434525.0,690.271578125
1036,uncut gems,2019,benny safdie josh safdie,7.4,351556,93.0,,,,
1037,it chapter two,2019,andy muschietti,6.5,353654,58.0,79000000.0,473093228.0,394093228.0,498.85218734177215
1038,the greatest showman,2017,michael gracey,7.5,342749,48.0,84000000.0,438006904.0,354006904.0,421.4367904761905
1039,alien covenant,2017,ridley scott,6.4,344333,65.0,,,,
1040,fantastic beasts the crimes of grindelwald,2018,david yates,6.5,329657,52.0,,,,
1041,don t breathe,2016,fede alvarez,7.1,328090,71.0,,,,
1042,mission impossible dead reckoning part one,2023,christopher mcquarrie,7.6,326383,81.0,,,,
1043,war for the planet of the apes,2017,matt reeves,7.4,324617,82.0,150000000.0,490719763.0,340719763.0,227.14650866666668
1044,a quiet place part ii,2020,john krasinski,7.2,315806,71.0,,,,
1045,alita battle angel,2019,robert rodriguez,7.3,321252,53.0,,,,
1046,furiosa a mad max saga,2024,george miller,7.5,311953,79.0,,,,
1047,murder on the orient express,2017,kenneth branagh,6.5,319654,52.0,55000000.0,352794081.0,297794081.0,541.4437836363636
1048,jumanji the next level,2019,jake kasdan,6.6,316072,58.0,,,,
1049,toy story 4,2019,josh cooley,7.6,310352,84.0,200000000.0,1073394593.0,873394593.0,436.6972965000001
1050,nope,2022,jordan peele,6.8,314732,77.0,,,,
1051,wind river,2017,taylor sheridan,7.7,311709,73.0,11000000.0,43980821.0,32980821.0,299.82564545454545
1052,aladdin,2019,guy ritchie,6.9,312476,53.0,183000000.0,1050693953.0,867693953.0,474.1497010928962
1053,blackkklansman,2018,spike lee,7.5,314003,83.0,15000000.0,93413709.0,78413709.0,522.75806
1054,wonder woman 1984,2020,patty jenkins,5.3,310651,60.0,,,,
1055,train to busan,2016,yeon sang ho,7.6,300921,73.0,,,,
1056,killers of the flower moon,2023,martin scorsese,7.5,302730,89.0,,,,
1057,venom let there be carnage,2021,andy serkis,5.9,304536,49.0,,,,
1058,black adam,2022,jaume collet serra,6.1,303175,41.0,,,,
1059,glass,2019,m night shyamalan,6.6,302015,43.0,,,,
1060,the matrix resurrections,2021,lana wachowski,5.6,301242,63.0,,,,
1061,the lighthouse,2019,robert eggers,7.4,301036,83.0,,,,
1062,gladiator ii,2024,ridley scott,6.4,296954,64.0,,,,
1063,uncharted,2022,ruben fleischer,6.3,298712,45.0,,,,
1064,the northman,2022,robert eggers,7.0,298461,82.0,,,,
1065,the whale,2022,darren aronofsky,7.6,281700,60.0,,,,
1066,encanto,2021,jared bush byron howard charise castro smith,7.2,293893,75.0,,,,
1067,cruella,2021,craig gillespie,7.3,293600,59.0,,,,
