Title,Year,Metascore,imdbRating,imdbVotes,Type,totalSeasons,BoxOffice
stranger things,2016–2025,,8.6,1691532,series,5.0,
joker,2019,59.0,8.3,1690149,movie,,335477657.0
avengers endgame,2019,78.0,8.4,1442446,movie,,858373000.0
avengers infinity war,2018,68.0,8.4,1368739,movie,,678815482.0
deadpool,2016,65.0,8.0,1250978,movie,,363070709.0
parasite,2019,97.0,8.5,1148210,movie,,53847897.0
dune part one,2021,74.0,8.0,1038179,movie,,108897830.0
oppenheimer,2023,90.0,8.2,1024033,movie,,330078895.0
spider man no way home,2021,71.0,8.1,1017543,movie,,814866759.0
the boys,2019–2026,,8.5,909674,series,5.0,
once upon a time in hollywood,2019,84.0,7.6,959546,movie,,142502728.0
the batman,2022,72.0,7.8,923764,movie,,369801546.0
captain america civil war,2016,75.0,7.8,925892,movie,,408084349.0
logan,2017,77.0,8.1,917281,movie,,226277068.0
black panther,2018,88.0,7.3,907405,movie,,700426566.0
thor ragnarok,2017,74.0,7.9,892533,movie,,315058289.0
top gun maverick,2022,78.0,8.2,855273,movie,,718732821.0
doctor strange,2016,72.0,7.5,877590,movie,,232641920.0
knives out,2019,82.0,7.9,875016,movie,,165363234.0
arrival,2016,81.0,7.9,852057,movie,,100546139.0
guardians of the galaxy vol 2,2017,67.0,7.6,828114,movie,,389813101.0
get out,2017,85.0,7.8,814293,movie,,176196665.0
dunkirk,2017,94.0,7.8,800591,movie,,189740665.0
spider man homecoming,2017,73.0,7.4,795043,movie,,334952829.0
spider man into the spider verse,2018,87.0,8.4,777014,movie,,190241310.0
batman v superman dawn of justice,2016,44.0,6.4,790738,movie,,330360194.0
1917,2020,78.0,8.2,769457,movie,,159227644.0
la la land,2016,94.0,8.0,759966,movie,,151101803.0
squid game,2021–2025,,7.9,756973,series,3.0,
dune part two,2024,79.0,8.4,734902,movie,,282144358.0
suicide squad,2016,40.0,5.9,758745,movie,,325100054.0
rogue one a star wars story,2016,65.0,7.8,748381,movie,,533539991.0
blade runner 2049,2017,81.0,8.0,751317,movie,,92071675.0
deadpool 2,2018,66.0,7.6,742720,movie,,324591735.0
the last of us,2023–,,8.5,734061,series,2.0,
wonder woman,2017,76.0,7.3,732467,movie,,412845172.0
star wars episode viii the last jedi,2017,84.0,6.8,714411,movie,,620181382.0
coco,2017,81.0,8.4,704092,movie,,210460015.0
it,2017,69.0,7.3,694027,movie,,328874981.0
green book,2018,69.0,8.2,682124,movie,,85080171.0
barbie,2023,80.0,6.8,667737,movie,,636238421.0
tenet,2020,69.0,7.3,684003,movie,,58504105.0
baby driver,2017,86.0,7.5,682380,movie,,107825862.0
hacksaw ridge,2016,71.0,8.1,679234,movie,,67209615.0
a quiet place,2018,82.0,7.5,652123,movie,,188024361.0
captain marvel,2019,64.0,6.7,658051,movie,,426829839.0
the mandalorian,2019–,,8.6,647555,series,3.0,
bohemian rhapsody,2018,49.0,7.9,638785,movie,,216668042.0
everything everywhere all at once,2022,81.0,7.7,627115,movie,,77191785.0
spider man far from home,2019,69.0,7.3,637793,movie,,391283774.0
zootopia,2016,78.0,8.0,625023,movie,,341268248.0
avatar the way of water,2022,67.0,7.5,601100,movie,,688459501.0
split,2016,63.0,7.3,616174,movie,,138291365.0
the witcher,2019–,,7.9,618310,series,4.0,
money heist,2017–2021,,8.2,604616,series,5.0,
three billboards outside ebbing missouri,2017,88.0,8.1,601876,movie,,54513740.0
venom,2018,35.0,6.6,601600,movie,,213515506.0
the kashmir files,2022,,8.6,575455,movie,,1485000.0
ford v ferrari,2019,81.0,8.1,553839,movie,,117624357.0
deadpool wolverine,2024,56.0,7.5,565006,movie,,636745858.0
john wick chapter 2,2017,75.0,7.4,564980,movie,,92029184.0
westworld,2016–2022,,8.4,556181,series,4.0,
aquaman,2018,55.0,6.8,552623,movie,,335104314.0
dark,2017–2020,,8.7,542010,series,3.0,
doctor strange in the multiverse of madness,2022,60.0,6.9,543288,movie,,411331607.0
star wars episode ix the rise of skywalker,2019,53.0,6.3,536918,movie,,515202542.0
ready player one,2018,64.0,7.4,540503,movie,,137715350.0
fantastic beasts and where to find them,2016,66.0,7.2,537711,movie,,234037575.0
bullet train,2022,49.0,7.3,519374,movie,,103368602.0
house of the dragon,2022–,,8.3,523146,series,4.0,
spider man across the spider verse,2023,86.0,8.5,509515,movie,,381593754.0
glass onion,2022,81.0,7.1,522178,movie,,13280000.0
justice league,2017,45.0,6.0,502540,movie,,229024295.0
jumanji welcome to the jungle,2017,58.0,6.9,501548,movie,,404540171.0
the menu,2022,71.0,7.2,496461,movie,,38501125.0
wednesday,2022–,,8.0,498028,series,3.0,
passengers,2016,41.0,7.0,488312,movie,,100014699.0
ant man and the wasp,2018,70.0,7.0,493940,movie,,216648740.0
sinners,2025,84.0,7.5,472042,movie,,279989632.0
x men apocalypse,2016,52.0,6.8,491572,movie,,155442489.0
free guy,2021,62.0,7.1,487068,movie,,121626598.0
shang chi and the legend of the ten rings,2021,71.0,7.3,486812,movie,,224543292.0
jojo rabbit,2019,58.0,7.9,483917,movie,,33370906.0
no time to die,2021,68.0,7.3,481524,movie,,160891007.0
midsommar,2019,72.0,7.1,481955,movie,,27426361.0
john wick chapter 3 parabellum,2019,73.0,7.4,476412,movie,,171015687.0
black widow,2021,68.0,6.6,476594,movie,,183651655.0
the shape of water,2017,87.0,7.3,472626,movie,,63859435.0
loki,2021–2023,,8.2,470715,series,2.0,
guardians of the galaxy vol 3,2023,64.0,7.9,470167,movie,,358995815.0
thor love and thunder,2022,57.0,6.1,459337,movie,,343256830.0
the suicide squad,2021,72.0,7.2,457420,movie,,55817425.0
hereditary,2018,87.0,7.3,453527,movie,,44069456.0
the gentlemen,2019,51.0,7.8,452815,movie,,36471795.0
soul,2020,83.0,8.0,441986,movie,,946154.0
a star is born,2018,88.0,7.6,445763,movie,,215333122.0
arcane,2021–2024,,9.0,441347,series,2.0,
ted lasso,2020–,,8.8,432057,series,4.0,
moana,2016,81.0,7.6,436011,movie,,248757044.0
the substance,2024,78.0,7.2,416556,movie,,17584795.0
the lord of the rings the rings of power,2022–,,6.9,436113,series,3.0,
eternals,2021,52.0,6.2,423444,movie,,164870234.0
superman,2025,68.0,7.0,406287,movie,,354223803.0
mission impossible fallout,2018,87.0,7.7,419025,movie,,220159104.0
one battle after another,2025,95.0,7.7,397927,movie,,72918884.0
the nice guys,2016,70.0,7.4,410135,movie,,36261763.0
shazam,2019,71.0,7.0,412905,movie,,140480049.0
john wick chapter 4,2023,78.0,7.6,405485,movie,,187131806.0
poor things,2023,88.0,7.7,391223,movie,,34553225.0
solo a star wars story,2018,62.0,6.9,406107,movie,,213767512.0
kingsman the golden circle,2017,44.0,6.7,400623,movie,,100234838.0
sex education,2019–2023,,8.2,393118,series,4.0,
mindhunter,2017–2019,,8.6,391041,series,2.0,
the accountant,2016,51.0,7.3,392294,movie,,86260045.0
snow white,2025,50.0,2.1,389458,movie,,87203963.0
nobody,2021,64.0,7.4,391880,movie,,27568035.0
your name,2016,81.0,8.4,385171,movie,,5017246.0
fallout,2024–,,8.3,389190,series,2.0,
annihilation,2018,79.0,6.8,391083,movie,,32732301.0
us,2019,81.0,6.8,390771,movie,,175084580.0
ozark,2017–2022,,8.4,387946,series,4.0,
lucifer,2016–2021,,8.0,389333,series,6.0,
severance,2022–,,8.6,385489,series,2.0,
black panther wakanda forever,2022,67.0,6.6,368850,movie,,453829060.0
pirates of the caribbean dead men tell no tales,2017,39.0,6.5,381325,movie,,172558876.0
10 cloverfield lane,2016,76.0,7.2,381655,movie,,72082998.0
jurassic world fallen kingdom,2018,51.0,6.1,382093,movie,,417719760.0
kong skull island,2017,62.0,6.7,371895,movie,,168052812.0
incredibles 2,2018,80.0,7.5,366471,movie,,608581744.0
weapons,2025,81.0,7.4,349399,movie,,151572492.0
project hail mary,2026,77.0,8.3,333549,movie,,341307287.0
you,2018–2025,,7.6,361631,series,5.0,
f1 the movie,2025,68.0,7.6,353753,movie,,189642436.0
lady bird,2017,93.0,7.4,363036,movie,,48958273.0
now you see me 2,2016,46.0,6.4,357612,movie,,65075540.0
call me by your name,2017,94.0,7.8,351228,movie,,18095701.0
beauty and the beast,2017,65.0,7.1,356758,movie,,504481165.0
succession,2018–2023,,8.8,346930,series,4.0,
manchester by the sea,2016,96.0,7.8,352390,movie,,47695371.0
uncut gems,2019,93.0,7.4,351556,movie,,50023780.0
it chapter two,2019,58.0,6.5,353654,movie,,211622525.0
moonlight,2016,99.0,7.4,349429,movie,,27854932.0
the greatest showman,2017,48.0,7.5,342749,movie,,174340174.0
alien covenant,2017,65.0,6.4,344333,movie,,74262031.0
the conjuring 2,2016,65.0,7.3,341821,movie,,102516140.0
invincible,2021–,,8.7,325720,series,4.0,
13 reasons why,2017–2020,,7.4,337279,series,4.0,
nocturnal animals,2016,67.0,7.4,331564,movie,,10663357.0
me before you,2016,51.0,7.4,330388,movie,,56245075.0
finding dory,2016,77.0,7.2,331036,movie,,486295561.0
fantastic beasts the crimes of grindelwald,2018,52.0,6.5,329657,movie,,159555901.0
don t breathe,2016,71.0,7.1,328090,movie,,89217875.0
mission impossible dead reckoning part one,2023,81.0,7.6,326383,movie,,172640980.0
war for the planet of the apes,2017,82.0,7.4,324617,movie,,146880162.0
the white lotus,2021–,,8.0,322287,series,3.0,
a quiet place part ii,2020,71.0,7.2,315806,movie,,160072261.0
alita battle angel,2019,53.0,7.3,321252,movie,,85838210.0
sully,2016,74.0,7.4,320206,movie,,125070033.0
furiosa a mad max saga,2024,79.0,7.5,311953,movie,,67475791.0
murder on the orient express,2017,52.0,6.5,319654,movie,,102826543.0
jumanji the next level,2019,58.0,6.6,316072,movie,,320314960.0
toy story 4,2019,84.0,7.6,310352,movie,,434038008.0
aspirants,2021–,,9.2,313882,series,2.0,
nope,2022,77.0,6.8,314732,movie,,123277080.0
wind river,2017,73.0,7.7,311709,movie,,33800859.0
aladdin,2019,53.0,6.9,312476,movie,,355559216.0
euphoria,2019–2026,,8.2,297928,series,3.0,
the umbrella academy,2019–2024,,7.8,312703,series,4.0,
blackkklansman,2018,83.0,7.5,314003,movie,,49275340.0
yellowstone,2018–2024,,8.6,308484,series,5.0,
wonder woman 1984,2020,60.0,5.3,310651,movie,,46801036.0
the bear,2022–,,8.5,304651,series,5.0,
train to busan,2016,73.0,7.6,300921,movie,,2129768.0
killers of the flower moon,2023,89.0,7.5,302730,movie,,68035488.0
the punisher,2017–2019,,8.4,293826,series,2.0,
the jungle book,2016,77.0,7.3,304379,movie,,364001123.0
venom let there be carnage,2021,49.0,5.9,304536,movie,,213550366.0
black adam,2022,41.0,6.1,303175,movie,,168152111.0
glass,2019,43.0,6.6,302015,movie,,111048468.0
the matrix resurrections,2021,63.0,5.6,301242,movie,,37686805.0
the lighthouse,2019,83.0,7.4,301036,movie,,10867104.0
gladiator ii,2024,64.0,6.4,296954,movie,,172438016.0
uncharted,2022,45.0,6.3,298712,movie,,148648820.0
war dogs,2016,57.0,7.1,294013,movie,,43034523.0
the northman,2022,82.0,7.0,298461,movie,,34233110.0
the whale,2022,60.0,7.6,281700,movie,,17463630.0
the handmaid s tale,2017–2025,,8.3,294353,series,6.0,
encanto,2021,75.0,7.2,293893,movie,,96093622.0
cruella,2021,59.0,7.3,293600,movie,,86103234.0
